airline|IATA|ICAO|callsign|country|country_code
1Time Airline|1T|RNX|NEXTIME|South Africa|ZA
40-Mile Air|Q5|MLA|MILE-AIR|United States|US
Aban Air|K5|ABE|ABAN|Iran|IR
Abelag Aviation|W9|AAB|ABG|Belgium|BE
ABSA - Aerolinhas Brasileiras|M3|TUS|ABSA Cargo|Brazil|BR
Abu Dhabi Amiri Flight|MO|AUH|SULTAN|United Arab Emirates|AE
ABX Air|GB|ABX|ABEX|United States|US
Access Air|ZA|CYD|CYCLONE|United States|US
ACES Colombia|VX|AES|ACES|Colombia|CO
Ada Air|ZY|ADE|ADA AIR|Albania|AL
Adam Air|KI|DHI|ADAM SKY|Indonesia|ID
ADC Airlines|Z7|ADK|ADCO|Nigeria|NG
Adria Airways|JP|ADR|ADRIA|Slovenia|SI
Aegean Airlines|A3|AEE|AEGEAN|Greece|GR
Aer Arann|RE|REA|AER ARANN|Ireland|IE
Aer Lingus|EI|EIN|SHAMROCK|Ireland|IE
Aero 2000|4M|DSM|LAN AR|Argentina|AR
Aero Airlines|EE|EAY|REVAL|Estonia|EE
Aero Asia International|E4|RSO|AERO ASIA|Pakistan|PK
Aero Benin|EM|AEB|AEROBEN|Benin|BJ
Aero California|JR|SER|AEROCALIFORNIA|Mexico|MX
Aero Condor Peru|Q6|CDP|CONDOR-PERU|Peru|PE
Aero Contractors|AJ|NIG|AEROLINE|Nigeria|NG
Aero Flight|GV|ARF|Aero Fox|Germany|DE
Aero Lanka|QL|RLN|AERO LANKA|Sri Lanka|LK
Aero Services Executive|W4|BES|BIRD EXPRESS|France|FR
Aero VIP|2D|AOG|AVIP|Argentina|AR
Aero-Charter Ukraine|DW|UCR|CHARTER UKRAINE|Ukraine|UA
Aero-Service|BF|RSR|CONGOSERV|Republic of the Congo|CG
Aerocondor|2B|ARD|AEROCONDOR|Portugal|PT
Aeroflot Russian Airlines|SU|AFL|AEROFLOT|Russia|RU
Aeroflot-Don|D9|DNV|DONAVIA|Russia|RU
Aerogal|2K|GLG|AEROGAL|Ecuador|EC
Aerolane|XL|LNE|LAN ECUADOR|Ecuador|EC
Aerolineas Argentinas|AR|ARG|ARGENTINA|Argentina|AR
Aerolitoral|5D|SLI|COSTERA|Mexico|MX
Aerologic|3S|BOX|GERMAN CARGO|Germany|DE
Aeromar|BQ|ROM|BRAVO QUEBEC|Dominican Republic|DO
Aeroméxico|AM|AMX|AEROMEXICO|Mexico|MX
Aeromexpress|QO|MPX|AEROMEXPRESS|Mexico|MX
Aeromist-Kharkiv|HT|AHW|AEROMIST|Ukraine|UA
Aeropelican Air Services|OT|PEL|PELICAN|Australia|AU
Aeroperú|PL|PLI|Aeroperu|Peru|PE
AeroRepública|P5|RPB|AEROREPUBLICA|Colombia|CO
Aerosur|5L|ASU|AEROSUR|Bolivia|BO
Aerosvit Airlines|VV|AEW|AEROSVIT|Ukraine|UA
Africa West|FK|WTA|WEST TOGO|Togo|TG
African Safari Airways|QS|QSC|ZEBRA|Kenya|KE
Afriqiyah Airways|8U|AAW|AFRIQIYAH|Libya|LY
Aigle Azur|ZI|AAF|AIGLE AZUR|France|FR
Air Algérie|AH|DAH|AIR ALGERIE|Algeria|DZ
Air Alpha Greenland|GD|AHA|AIR ALPHA|Denmark|DK
Air Alps Aviation|A6|LPV|ALPAV|Austria|AT
Air Arabia|G9|ABY|ARABIA|United Arab Emirates|AE
Air Armenia|QN|ARR|AIR ARMENIA|Armenia|AM
Air Astana|KC|KZR|ASTANALINE|Kazakhstan|KZ
Air Atlanta Icelandic|CC|ABD|ATLANTA|Iceland|IS
Air Atlantique|KI|AAG|ATLANTIC|United Kingdom|GB
Air Austral|UU|REU|REUNION|France|FR
Air Baltic|BT|BTI|AIRBALTIC|Latvia|LV
Air Bangladesh|B9|BGD|AIR BANGLA|Bangladesh|BD
Air Berlin|AB|BER|AIR BERLIN|Germany|DE
Air Bosna|JA|BON|AIR BOSNA|Bosnia and Herzegovina|BA
Air Botswana|BP|BOT|BOTSWANA|Botswana|BW
Air Bourbon|ZB|BUB|BOURBON|Reunion|RE
Air Burkina|2J|VBW|BURKINA|Burkina Faso|BF
Air Burundi|8Y|PBU|AIR-BURUNDI|Burundi|BI
Air Calédonie|TY|TPC|AIRCAL|France|FR
Air Caledonie International|SB|ACI|AIRCALIN|France|FR
Air Canada|AC|ACA|AIR CANADA|Canada|CA
Air Canada Jazz|QK|JZA|JAZZ|Canada|CA
Air Caraïbes|TX|FWI|FRENCH WEST|France|FR
Air Cargo Carriers|2Q|SNC|NIGHT CARGO|United States|US
Air Central|NV|CRF|AIR CENTRAL|Japan|JP
Air Chathams|CV|CVA|CHATHAM|New Zealand|NZ
Air China|CA|CCA|AIR CHINA|China|CN
Air City|4F|ECE|AIRCITY|Germany|DE
Air Class Líneas Aéreas|QD|QCL|ACLA|Uruguay|UY
Air Comores International|GG|HAH|AIR COMORES|Comoros|KM
Air Contractors|AG|ABR|CONTRACT|Ireland|IE
Air Corridor|QC|CRD|AIR CORRIDOR|Mozambique|MZ
Air D'Ayiti|H9|HAD|HAITI AVIA|Haiti|HT
Air Dolomiti|EN|DLA|DOLOMOTI|Italy|IT
Air Europa|UX|AEA|EUROPA|Spain|ES
Air Europe|PE|AEL|AIR EUROPE|Italy|IT
Air Exel|XT|AXL|EXEL COMMUTER|Netherlands|NL
Air Fiji|PC|FAJ|FIJIAIR|Fiji|FJ
Air Finland|OF|FIF|AIR FINLAND|Finland|FI
Air Florida|QH|FLZ|AIR FLORIDA|United States|US
Air Foyle|GS|UPA|FOYLE|United Kingdom|GB
Air France|AF|AFR|AIRFRANS|France|FR
Air Gabon|GN|AGN|GOLF NOVEMBER|Gabon|GA
Air Georgia|DA|GRG|AIR GEORGIA|Georgia|GE
Air Georgian|ZX|GGN|GEORGIAN|Canada|CA
Air Glaciers|7T|AGV|AIR GLACIERS|Switzerland|CH
Air Greenland|GL|GRL|GREENLAND|Denmark|DK
Air Guinee Express|2U|GIP|FUTURE EXPRESS|Guinea|GN
Air Guyane|GG|GUY|GREEN BIRD|French Guiana|GF
Air Holland|HD|HLN|ORANGE|Netherlands|NL
Air Hong Kong|LD|AHK|AIR HONG KONG|Hong Kong|HK
Air Horizon|8C|HZT|HORIZON TOGO|Togo|TG
Air Iceland|NY|FXI|FAXI|Iceland|IS
Air India Express|IX|AXB|EXPRESS INDIA|India|IN
Air India Limited|AI|AIC|AIRINDIA|India|IN
Air Italy|I9|AEY|AIR ITALY|Italy|IT
Air Ivoire|VU|VUN|AIRIVOIRE|Ivory Coast|CI
Air Jamaica|JM|AJM|JAMAICA|Jamaica|JM
Air Japan|NQ|AJX|AIR JAPAN|Japan|JP
Air Lithuania|TT|KLA|KAUNAS|Lithuania|LT
Air Luxor|LK|LXR|AIRLUXOR|Portugal|PT
Air Luxor GB|L8|LXG|LUXOR GOLF|Guinea-Bissau|GW
Air Madagascar|MD|MDG|AIR MADAGASCAR|Madagascar|MG
Air Madrid|NM|DRD|ALADA AIR|Spain|ES
Air Malawi|QM|AML|MALAWI|Malawi|MW
Air Malta|KM|AMC|AIR MALTA|Malta|MT
Air Marshall Islands|CW|CWM|AIR MARSHALLS|Marshall Islands|MH
Air Mauritanie|MR|MRT|MIKE ROMEO|Mauritania|MR
Air Mauritius|MK|MAU|AIRMAURITIUS|Mauritius|MU
Air Mediterranee|DR|BIE|MEDITERRANEE|France|FR
Air Midwest|ZV|AMW|AIR MIDWEST|United States|US
Air Mobility Command|MC|RCH|REACH|United States|US
Air Moldova|9U|MLD|AIR MOLDOVA|Moldova|MD
Air Namibia|SW|NMB|NAMIBIA|Namibia|NA
Air New Zealand|NZ|ANZ|NEW ZEALAND|New Zealand|NZ
Air Nippon|EL|ANK|ANK AIR|Japan|JP
Air Nippon Network Co. Ltd.|EH|AKX|ALFA WING|Japan|JP
Air Niugini|PX|ANG|NUIGINI|Papua New Guinea|PG
Air North Charter - Canada|4N|ANT|AIR NORTH|Canada|CA
Air Nostrum|YW|ANE|AIR NOSTRUM|Spain|ES
Air One|AP|ADH|HERON|Italy|IT
Air Pacific|FJ|FJI|PACIFIC|Fiji|FJ
Air Paradise International|AD|PRZ|RADISAIR|Indonesia|ID
Air Philippines|2P|GAP|ORIENT PACIFIC|Philippines|PH
Air Plus Comet|A7|MPD|RED COMET|Spain|ES
Air Rarotonga|GZ|RAR|AIR RAROTONGA|Cook Islands|CK
Air Sahara|S2|RSH|SAHARA|India|IN
Air Salone|2O|RNE|AIR SALONE|Sierra Leone|SL
Air Santo Domingo|EX|SDO|AERO DOMINGO|Dominican Republic|DO
Air Senegal International|V7|SNG|AIR SENEGAL|Senegal|SN
Air Service|M3|SPJ|AIR SKOPJE|Macedonia|MK
Air Seychelles|HM|SEY|SEYCHELLES|Seychelles|SC
Air Sinai|4D|ASD|AIR SINAI|Egypt|EG
Air Slovakia|GM|SVK|SLOVAKIA|Slovakia|SK
Air Southwest|SZ|WOW|SWALLOW|United Kingdom|GB
Air Srpska|RB|SBK|Air Srpska|Bosnia and Herzegovina|BA
Air Tahiti|VT|VTA|AIR TAHITI|French Polynesia|PF
Air Tahiti Nui|TN|THT|TAHITI AIRLINES|France|FR
Air Tanzania|TC|ATC|TANZANIA|Tanzania|TZ
Air Togo|YT|TGA|AIR TOGO|Togo|TG
Air Transat|TS|TSC|AIR TRANSAT|Canada|CA
Air Transport International|8C|ATN|AIR TRANSPORT|United States|US
Air Turks and Caicos|JY|TCI|KERRMONT|Turks and Caicos Islands|TC
Air Uganda|U7|UGA|UGANDA|Uganda|UG
Air Ukraine|6U|UKR|AIR UKRAINE|Ukraine|UA
Air Urga|3N|URG|URGA|Ukraine|UA
Air Vanuatu|NF|AVN|AIR VAN|Vanuatu|VU
Air Vegas|6V|VGA|AIR VEGAS|United States|US
Air Volga|G6|WLG|GOUMRAK|Russia|RU
Air Wales|6G|AWW|RED DRAGON|United Kingdom|GB
Air Wisconsin|ZW|AWI|AIR WISCONSIN|United States|US
Air Zimbabwe|UM|AZW|AIR ZIMBABWE|Zimbabwe|ZW
air-taxi europe|TZ|TWG|TWINGOOSE|Germany|DE
AirAsia|AK|AXM|ASIAN EXPRESS|Malaysia|MY
Airasia X|D7|XAX|XANADU|Malaysia|MY
Airblue|ED|ABQ|PAKBLUE|Pakistan|PK
Airborne Express|GB|ABX|ABEX|United States|US
AirBridge Cargo|RU|ABW|AIRBRIDGE CARGO|Russia|RU
Airbus France|4Y|RBU|AIRBUS FRANCE|France|FR
Airbus Industrie|AP|AIB|AIRBUS INDUSTRIE|France|FR
Aircompany Yakutia|R3|SYL|AIR YAKUTIA|Russia|RU
Aires, Aerovías de Integración Regional, S.A.|4C|ARE|AIRES|Colombia|CO
Airlinair|A5|RLA|AIRLINAIR|France|FR
Airlines of Tasmania|FO|ATM|AIRTAS|Australia|AU
Airlines PNG|CG|TOK|BALUS|Papua New Guinea|PG
Airnorth|TL|ANO|TOPEND|Australia|AU
Airstars|PL|ASE|MOROZOV|Russia|RU
AirTran Airways|FL|TRS|CITRUS|United States|US
Alaska Airlines, Inc.|AS|ASA|ALASKA|United States|US
Alaska Central Express|KO|AER|ACE AIR|United States|US
Albanian Airlines|LV|LBC|ALBANIAN|Albania|AL
Albarka Air|F4|NBK|AL-AIR|Nigeria|NG
Alidaunia|D4|LID|ALIDA|Italy|IT
Alitalia|AZ|AZA|ALITALIA|Italy|IT
All Nippon Airways|NH|ANA|ALL NIPPON|Japan|JP
Allegiant Air|G4|AAY|ALLEGIANT|United States|US
Allegro|LL|GRO|ALLEGRO|Mexico|MX
Alliance Air|CD|LLR|ALLIED|India|IN
Alliance Airlines|QQ|UTY|UNITY|Australia|AU
Aloha Airlines|AQ|AAH|ALOHA|United States|US
Alpi Eagles|E8|ELG|ALPI EAGLES|Italy|IT
Alpine Air Express|5A|AIP|ALPINE AIR|United States|US
Alrosa Mirny Air Enterprise|6R|DRU|MIRNY|Russia|RU
Amadeus Global Travel Distribution|1A|AGT|AMADEUS|Spain|ES
Amber Air|0A|GNT|GINTA|Lithuania|LT
America West Airlines|HP|AWE|CACTUS|United States|US
American Airlines|AA|AAL|AMERICAN|United States|US
American Eagle Airlines|MQ|EGF|EAGLE FLIGHT|United States|US
American Falcon|WK|AFB|AMERICAN FALCON|Argentina|AR
Amerijet International|M6|AJT|AMERIJET|United States|US
Ansett Australia|AN|AAA|ANSETT|Australia|AU
Antinea Airlines|HO|DJA|ANTINEA|Algeria|DZ
Antrak Air|O4|ABV|ANTRAK|Ghana|GH
AOM French Airlines|IW|AOM|French Lines|France|FR
Arctic Circle Air Service|5F|CIR|AIR ARCTIC|United States|US
Arcus-Air Logistic|ZE|AZE|ARCUS AIR|Germany|DE
Ariana Afghan Airlines|FG|AFG|ARIANA|Afghanistan|AF
Arkefly|OR|TFL|ARKEFLY|Netherlands|NL
Arkia Israel Airlines|IZ|AIZ|ARKIA|Israel|IL
Armavia|U8|RNV|ARMAVIA|Armenia|AM
Armenian Airlines|R3|RME|ARMENIAN|Armenia|AM
Arrow Air|JW|APW|BIG A|United States|US
Aserca Airlines|R7|OCA|AROSCA|Venezuela|VE
Asia Overnight Express|OE|AOT|ASIA OVERNIGHT|Philippines|PH
Asian Express Airlines|HJ|AXF|FREIGHTEXPRESS|Australia|AU
Asian Spirit|6K|RIT|ASIAN SPIRIT|Philippines|PH
Askari Aviation|4K|AAS|AL-AAS|Pakistan|PK
Astar Air Cargo|ER|DHL|D-H-L|United States|US
Astraeus|5W|AEU|FLYSTAR|United Kingdom|GB
Astrakhan Airlines|OB|ASZ|AIR ASTRAKHAN|Russia|RU
Astral Aviation|8V|ACP|ASTRAL CARGO|Kenya|KE
ATA Airlines|TZ|AMT|AMTRAN|United States|US
Atlant-Soyuz Airlines|3G|AYZ|ATLANT-SOYUZ|Russia|RU
Atlantic Airways|RC|FLI|FAROELINE|Faroe Islands|FO
Atlantic Southeast Airlines|EV|ASQ|ACEY|United States|US
Atlas Air|5Y|GTI|GIANT|United States|US
Atlas Blue|8A|BMM|ATLAS BLUE|Morocco|MA
Atlasjet|KK|KKK|ATLASJET|Turkey|TR
Atyrau Air Ways|IP|JOL|EDIL|Kazakhstan|KZ
Augsburg Airways|IQ|AUB|AUGSBURG-AIR|Germany|DE
Aurigny Air Services|GR|AUR|AYLINE|United Kingdom|GB
Austral Líneas Aéreas|AU|AUT|AUSTRAL|Argentina|AR
Australian Airlines|AO|AUZ|AUSTRALIAN|Australia|AU
Austrian Airlines|OS|AUA|AUSTRIAN|Austria|AT
Austrian Arrows|VO|TYR|TYROLEAN|Austria|AT
AVCOM|J6|AOC|AERO AVCOM|Russia|RU
Avensa|VE|AVE|AVENSA|Venezuela|VE
Avia Express|JZ|SKX|SKY EXPRESS|Sweden|SE
Aviacsa|6A|CHP|AVIACSA|Mexico|MX
Aviaexpress|RX|AEH|AVEX|Hungary|HU
Avialeasing Aviation Company|EC|TWN|TWINARROW|Uzbekistan|UZ
Avianca - Aerovías Nacionales de Colombia, S.A.|AV|AVA|AVIANCA|Colombia|CO
Avient Aviation|Z3|SMJ|AVAVIA|Zimbabwe|ZW
Avies|U3|AIA|AVIES|Estonia|EE
Aviogenex|JJ|AGX|GENEX|Serbia|RS
Avirex|G2|VXG|AVIREX-GABON|Gabon|GA
Avolar Aerolíneas|V5|VLI|AEROVOLAR|Mexico|MX
Axis Airways|6V|AXY|AXIS|France|FR
Azerbaijan Airlines|J2|AHY|AZAL|Azerbaijan|AZ
Azul Linhas Aereas Brasileiras|AD|AZU|Azul|Brazil|BR
Azzurra Air|ZS|AZI|AZZURRA|Italy|IT
B and H Airlines|JA|BON|Air Bosna|Bosnia and Herzegovina|BA
BACH Flugbetriebsges|B4|BCF|BACH|Austria|AT
Bahamasair|UP|BHS|BAHAMAS|Bahamas|BS
Baker Aviation|8Q*|BAJ|BAKER AVIATION|United States|US
BAL Bashkirian Airlines|V9|BTC|BASHKIRIAN|Russia|RU
Bangkok Airways|PG|BKP|BANGKOK AIR|Thailand|TH
Bankair|B4|BKA|BANKAIR|United States|US
Barents AirLink|8N|NKF|NORDFLIGHT|Sweden|SE
Batavia Air|Y6|BTV|BATAVIA|Indonesia|ID
Bayu Indonesia Air|BM|BYE|BAYU|Indonesia|ID
Bearskin Lake Air Service|JV|BLS|BEARSKIN|Canada|CA
Belair Airlines|4T|BHP|BELAIR|Switzerland|CH
Belavia Belarusian Airlines|B2|BRU|BELARUS AVIA|Belarus|BY
Bellview Airlines|B3|BLV|BELLVIEW AIRLINES|Nigeria|NG
Bemidji Airlines|CH|BMJ|BEMIDJI|United States|US
Benin Golf Air|A8|BGL|BENIN GOLF|Benin|BJ
Bering Air|8E|BRG|BERING AIR|United States|US
Berjaya Air|J8|BVT|BERJAYA|Malaysia|MY
Big Sky Airlines|GQ|BSY|BIG SKY|United States|US
Biman Bangladesh Airlines|BG|BBC|BANGLADESH|Bangladesh|BD
Binter Canarias|NT|IBB|BINTER|Spain|ES
Bismillah Airlines|5Z|BML|BISMILLAH|Bangladesh|BD
Blue Air|0B|JOR|BLUE TRANSPORT|Romania|RO
Blue Dart Aviation|BZ|BDA|BLUE DART|India|IN
Blue Panorama Airlines|BV|BPA|BLUE PANOROMA|Italy|IT
Blue Wings|QW|BWG|BLUE WINGS|Germany|DE
Blue1|KF|BLF|BLUEFIN|Finland|FI
Bluebird Cargo|BF|BBD|BLUE CARGO|Iceland|IS
BMI|BD|BMA|MIDLAND|United Kingdom|GB
Bmibaby|WW|BMI|BABY|United Kingdom|GB
Boston-Maine Airways|E9|CXS|CLIPPER CONNECTION|United States|US
Bouraq Indonesia Airlines|BO|BOU|BOURAQ|Indonesia|ID
BRA-Transportes Aéreos|7R|BRB|BRA-TRANSPAEREOS|Brazil|BR
Braniff International Airways|BN|BNF|Braniff|United States|US
Bravo Air Congo|K6|BRV|BRAVO|Democratic Republic of the Congo|CD
Brit Air|DB|BZH|BRITAIR|France|FR
British Airways|BA|BAW|SPEEDBIRD|United Kingdom|GB
British International Helicopters|BS|BIH|BRINTEL|United Kingdom|GB
British Mediterranean Airways|KJ|LAJ|BEE MED|United Kingdom|GB
Brussels Airlines|SN|BEL|BEE-LINE|Belgium|BE
Buffalo Airways|J4|BFL|BUFFALO|Canada|CA
Bulgaria Air|FB|LZB|FLYING BULGARIA|Bulgaria|BG
CAL Cargo Air Lines|5C|ICL|CAL|Israel|IL
Calima Aviacion|XG|CLI|CALIMA|Spain|ES
Calm Air|MO|CAV|CALM AIR|Canada|CA
Camai Air|R9|CAM|AIR CAMAI|United States|US
Cameroon Airlines|UY|UYC|CAM-AIR|Cameroon|CM
Canadian Airlines|CP|CDN|CANADIAN|Canada|CA
Canadian North|5T|MPE|EMPRESS|Canada|CA
Canadian Western Airlines|W2|CWA|CANADIAN WESTERN|Canada|CA
CanJet|C6|CJA|CANJET|Canada|CA
Cape Air|9K|KAP|CAIR|United States|US
Capital Cargo International Airlines|PT|CCI|CAPPY|United States|US
Cargo 360|GG|GGC|LONG-HAUL|United States|US
Cargoitalia|2G|CRG|WHITE PELICAN|Italy|IT
Cargojet Airways|W8|CJT|CARGOJET|Canada|CA
Cargolux|CV|CLX|CARGOLUX|Luxembourg|LU
Caribbean Airlines|BW|BWA|CARIBBEAN AIRLINES|Trinidad and Tobago|TT
Caribbean Star Airlines|8B|GFI|CARIB STAR|Antigua and Barbuda|AG
Carpatair|V3|KRP|CARPATAIR|Romania|RO
Caspian Airlines|RV|CPN|CASPIAN|Iran|IR
Cayman Airways|KX|CAY|CAYMAN|Cayman Islands|KY
Cebu Pacific|5J|CEB|CEBU AIR|Philippines|PH
Centralwings|C0|CLW|CENTRALWINGS|Poland|PL
Centre-Avia|J7|CVC|AVIACENTRE|Russia|RU
Centurion Air Cargo|WE|CWC|CHALLENGE CARGO|United States|US
Chalk's International Airlines|OP|CHK|CHALKS|United States|US
Champion Air|MG|CCP|CHAMPION AIR|United States|US
Chang'an Airlines|2Z|CGN|CHANGAN|China|CN
Chari Aviation Services|S8|CSU|CHARI SERVICE|Chad|TD
Chicago Express|C8|WDY|WINDY CITY|United States|US
China Airlines|CI|CAL|DYNASTY|Taiwan|TW
China Cargo Airlines|CK|CKK|CARGO KING|China|CN
China Eastern Airlines|MU|CES|CHINA EASTERN|China|CN
China Express Airlines|G5|HXA|CHINA EXPRESS|China|CN
China Northern Airlines|CJ|CBF|CHINA NORTHERN|China|CN
China Northwest Airlines|WH|CNW|CHINA NORTHWEST|China|CN
China Postal Airlines|8Y|CYZ|CHINA POST|China|CN
China Southern Airlines|CZ|CSN|CHINA SOUTHERN|China|CN
China United Airlines|KN|CUA|LIANHANG|China|CN
China Xinhua Airlines|XO|CXH|XINHUA|China|CN
China Yunnan Airlines|3Q|CYH|YUNNAN|China|CN
Chitaavia|X7|CHF|CHITA|Russia|RU
Cielos Airlines|A2|CIU|CIELOS|Peru|PE
Cimber Sterling|QI|CIM|CIMBER|Denmark|DK
Cirrus Airlines|C9|RUS|CIRRUS AIR|Germany|DE
City Airline|CF|SDR|SWEDESTAR|Sweden|SE
City Connexion Airlines|G3|CIX|CONNEXION|Burundi|BI
CityFlyer Express|CJ|CFE|FLYER|United Kingdom|GB
CityJet|WX|BCY|CITY-IRELAND|Ireland|IE
Civil Air Transport|CT|CAT|Mandarin|Taiwan|TW
Club Air|6P|ISG|CLUBAIR|Italy|IT
Coast Air|BX|CST|COAST CENTER|Norway|NO
Colgan Air|9L|CJC|COLGAN|United States|US
Comair|OH|COM|COMAIR|United States|US
CommutAir|C5|UCA|COMMUTAIR|United States|US
Comores Airlines|KR|CWK|CONTICOM|Comoros|KM
Compania Mexicargo|GJ|MXC|MEXICARGO|Mexico|MX
Compass Airlines|CP|CPZ|Compass Rose|United States|US
Condor Flugdienst|DE|CFG|CONDOR|Germany|DE
Continental Airlines|CO|COA|CONTINENTAL|United States|US
Continental Airways|PC|PVV|CONTAIR|Russia|RU
Continental Micronesia|CS|CMI|AIR MIKE|United States|US
Conviasa|V0|VCV|CONVIASA|Venezuela|VE
Copa Airlines|CM|CMP|COPA|Panama|PA
Corsairfly|SS|CRL|CORSAIR|France|FR
Corse-Mediterranee|XK|CCM|CORSICA|France|FR
Cosmic Air|F5|COZ|COSMIC AIR|Nepal|NP
Coyne Aviation|7C|COY|COYNE AIR|United Kingdom|GB
Croatia Airlines|OU|CTN|CROATIA|Croatia|HR
Crossair Europe|QE|ECC|Cigogne|Switzerland|CH
Cubana de Aviación|CU|CUB|CUBANA|Cuba|CU
Cyprus Airways|CY|CYP|CYPRUS|Cyprus|CY
Czech Airlines|OK|CSA|CSA-LINES|Czech Republic|CZ
Daallo Airlines|D3|DAO|DALO AIRLINES|Djibouti|DJ
Dagestan Airlines|N2|DAG|DAGAL|Russia|RU
Dalavia|H8|KHB|DALAVIA|Russia|RU
DanubeWings|V5|VPA|VIP TAXI|Slovakia|SK
Darwin Airline|0D|DWT|DARWIN|Switzerland|CH
DAS Air Cargo|WD|DSR|DAIRAIR|Uganda|UG
DAT Danish Air Transport|DX|DTR|DANISH|Denmark|DK
Dauair|D5|DAU|DAUAIR|Germany|DE
dba|DI|BAG|SPEEDWAY|Germany|DE
Delta Air Lines|DL|DAL|DELTA|United States|US
Deutsche Rettungsflugwacht|1I|AMB|CIVIL AIR AMBULANCE|Germany|DE
DHL International|ES|DHX|DILMUN|Bahrain|BH
Dirgantara Air Service|AW|DIR|DIRGANTARA|Indonesia|ID
Discovery Airways|DH|DVA|DISCOVERY AIRWAYS|United States|US
Djibouti Airlines|D8|DJB|DJIBOUTI AIR|Djibouti|DJ
Dominicana de Aviación|DO|DOA|DOMINICANA|Dominican Republic|DO
Domodedovo Airlines|E3|DMO|DOMODEDOVO|Russia|RU
DonbassAero|5D|UDC|DONBASS AERO|Ukraine|UA
Dragonair, Hong Kong Dragon Airlines|KA|HDA|DRAGON|Hong Kong|HK
Druk Air|KB|DRK|ROYAL BHUTAN|Bhutan|BT
Eagle Air|EY|EFL|FLYING EAGLE|Tanzania|TZ
Eagle Airways|NZ|EAG|EAGLE|New Zealand|NZ
East African|QU|UGX|CRANE|Uganda|UG
East African Safari Air|S9|HSA|DUMA|Kenya|KE
Eastar Jet|ZE|ESR|EASTAR|South Korea|KR
Eastern Airways|T3|EZE|EASTFLIGHT|United Kingdom|GB
Eastern Australia Airlines|QF|EAQ|EASTERN|Australia|AU
Eastwind Airlines|W9|SGR|STINGER|United States|US
easyJet|U2|EZY|EASY|United Kingdom|GB
Edelweiss Air|WK|EDW|EDELWEISS|Switzerland|CH
Egyptair|MS|MSR|EGYPTAIR|Egypt|EG
El Al Israel Airlines|LY|ELY|ELAL|Israel|IL
El-Buraq Air Transport|UZ|BRQ|BURAQAIR|Libya|LY
Emirates Airline|EK|UAE|EMIRATES|United Arab Emirates|AE
Empire Airlines|EM|CFS|EMPIRE AIR|United States|US
Empresa Ecuatoriana De Aviacion|EU|EEA|ECUATORIANA|Ecuador|EC
Enkor JSC|G8|ENK|ENKOR|Russia|RU
Eos Airlines|E0|ESS|NEW DAWN|United States|US
Eritrean Airlines|B8|ERT|ERITREAN|Eritrea|ER
Estonian Air|OV|ELL|ESTONIAN|Estonia|EE
Ethiopian Airlines|ET|ETH|ETHIOPIAN|Ethiopia|ET
Etihad Airways|EY|ETD|ETIHAD|United Arab Emirates|AE
EUjet|VE|EUJ|UNION JET|Ireland|IE
EuroAtlantic Airways|MM|MMZ|EUROATLANTIC|Portugal|PT
Eurocypria Airlines|UI|ECA|EUROCYPRIA|Cyprus|CY
Eurofly|GJ|EEZ|E-FLY|Italy|IT
Eurolot|K2|ELO|EUROLOT|Poland|PL
Euromanx Airways|3W|EMX|EUROMANX|Austria|AT
Europe Airpost|5O|FPO|FRENCH POST|France|FR
European Air Express|EA|EAL|STAR WING|Germany|DE
European Air Transport|QY|BCS|EUROTRANS|Belgium|BE
European Aviation Air Charter|E7|EAF|EUROCHARTER|United Kingdom|GB
Eurowings|EW|EWG|EUROWINGS|Germany|DE
EVA Air|BR|EVA|EVA|Taiwan|TW
Evergreen International Airlines|EZ|EIA|EVERGREEN|United States|US
Excel Airways|JN|XLA|EXPO|United Kingdom|GB
Execair Aviation|MB|EXA|CANADIAN EXECAIRE|Canada|CA
Executive Airlines|OW|EXK|EXECUTIVE EAGLE|United States|US
Expo Aviation|8D|EXV|EXPOAVIA|Sri Lanka|LK
Express One International|EO|LHN|LONGHORN|United States|US
ExpressJet|XE|BTA|JET LINK|United States|US
Far Eastern Air Transport|EF|EFA|Far Eastern|Taiwan|TW
Faroejet|F6|RCK|ROCKROSE|Faroe Islands|FO
Faso Airways|F3|FSW|FASO|Burkina Faso|BF
Federal Express|FX|FDX|FEDEX|United States|US
Fika Salaama Airlines|N8|HGK|SALAAMA|Uganda|UG
Finalair Congo|4S|FNC|FINALAIR CONGO|Republic of the Congo|CG
Finnair|AY|FIN|FINNAIR|Finland|FI
Finncomm Airlines|FC|WBA|WESTBIRD|Finland|FI
Firefly|FY|FFM|FIREFLY|Malaysia|MY
First Choice Airways|DP|FCA|JETSET|United Kingdom|GB
Fischer Air|8F|FFR|FISCHER|Czech Republic|CZ
Flightline|B5|FLT|FLIGHTLINE|United Kingdom|GB
Florida Coastal Airlines|PA|FCL|FLORIDA COASTAL|United States|US
Florida West International Airways|RF|FWL|FLO WEST|United States|US
Fly Air|F2|FLM|FLY WORLD|Turkey|TR
Fly Me Sweden|SH|FLY|FLYBIRD|Sweden|SE
FlyAsianXpress|D7|XFA|FAX AIR|Malaysia|MY
Flybaboo|F7|BBO|BABOO|Switzerland|CH
Flybe|BE|BEE|JERSEY|United Kingdom|GB
Flyglobespan|B4|GSM|GLOBESPAN|United Kingdom|GB
Flyhy Cargo Airlines|W3|FYH|FLY HIGH|Thailand|TH
FlyLal|TE|LIL|LITHUANIA AIR|Lithuania|LT
FlyNordic|LF|NDC|NORDIC|Sweden|SE
Four Star Aviation Four Star Cargo|HK|FSC|FOUR STAR|United States|US
Freebird Airlines|FH|FHY|FREEBIRD AIR|Turkey|TR
Freedom Air|SJ|FOM|FREE AIR|New Zealand|NZ
Frontier Airlines|F9|FFT|FRONTIER FLIGHT|United States|US
Frontier Flying Service|2F|FTA|FRONTIER-AIR|United States|US
Futura International Airways|FH|FUA|FUTURA|Spain|ES
Galaxy Air|7O|GAL|GALAXY|Kyrgyzstan|KG
Gambia International Airlines|GC|GNR|GAMBIA INTERNATIONAL|Gambia|GM
Gandalf Airlines|G7|GNF|Gandalf|Italy|IT
Garuda Indonesia|GA|GIA|INDONESIA|Indonesia|ID
Gazpromavia|4G|GZP|GAZPROMAVIA|Russia|RU
GB Airways|GT|GBL|GEEBEE AIRWAYS|United Kingdom|GB
Gemini Air Cargo|GR|GCO|GEMINI|United States|US
Georgian Airways|A9|TGZ|TAMAZI|Georgia|GE
Georgian National Airlines|QB|GFG|NATIONAL|Georgia|GE
Germania|ST|GMI|GERMANIA|Germany|DE
Germanwings|4U|GWI|GERMAN WINGS|Germany|DE
Gestair|GP|GES|GESTAIR|Spain|ES
Ghana Airways|GH|GHA|GHANA|Ghana|GH
Ghana International Airlines|G0|GHB|GHANA AIRLINES|Ghana|GH
Go Air|G8|GOW|GOAIR|India|IN
GoJet Airlines|G7|GJS|LINDBERGH|United States|US
Gol Transportes Aéreos|G3|GLO|GOL TRANSPORTE|Brazil|BR
Golden Air|DC|GAO|GOLDEN|Sweden|SE
Grant Aviation|GS|GUN|HOOT|United States|US
Great Lakes Airlines|ZK|GLA|LAKES AIR|United States|US
Great Wall Airlines|IJ|GWL|GREAT WALL|China|CN
Guine Bissaur Airlines|G6|BSR|BISSAU AIRLINES|Guinea-Bissau|GW
Guinee Airlines|J9|GIF|GUINEE AIRLINES|Guinea|GN
Gujarat Airways|G8|GUJ|GUJARATAIR|India|IN
Gulf Air Bahrain|GF|GBA|GULF BAHRAIN|Bahrain|BH
Hageland Aviation Services|H6|HAG|HAGELAND|United States|US
Hahn Air|HR|HHN|ROOSTER|Germany|DE
Hainan Airlines|HU|CHH|HAINAN|China|CN
Hamburg International|4R|HHI|HAMBURG JET|Germany|DE
Hapag-Lloyd Express (TUIfly)|X3|HLX|YELLOW CAB|Germany|DE
Hapagfly|HF|HLF|HAPAG LLOYD|Germany|DE
Harbor Airlines|HB|HAR|HARBOR|United States|US
Harmony Airways|HQ|HMY|HARMONY|Canada|CA
Hawaiian Airlines|HA|HAL|HAWAIIAN|United States|US
Heavylift Cargo Airlines|HN|HVY|HEAVY CARGO|Australia|AU
Heli France|8H|HFR|HELIFRANCE|France|FR
Helijet|JB|JBA|HELIJET|Canada|CA
Helios Airways|ZU|HCY|HELIOS|Cyprus|CY
Helitrans|9I|HTA|SCANBIRD|Norway|NO
Hellas Jet|T4|HEJ|HELLAS JET|Greece|GR
Hello|HW|FHE|FLYHELLO|Switzerland|CH
Helvetic Airways|2L|OAW|HELVETIC|Switzerland|CH
Hemus Air|DU|HMS|HEMUS AIR|Bulgaria|BG
Hewa Bora Airways|EO|ALX|ALLCONGO|Democratic Republic of the Congo|CD
Hex'Air|UD|HER|HEX AIRLINE|France|FR
Hi Fly|5K|HFY|SKY FLYER|Portugal|PT
Hokkaido International Airlines|HD|ADO|AIR DO|Japan|JP
Hola Airlines|H5|HOA|HOLA|Spain|ES
Horizon Air|QX|QXE|HORIZON AIR|United States|US
Horizon Airlines|BN|HZA|HORIZON|Australia|AU
IBC Airways|II|CSQ|CHASQUI|United States|US
Iberia Airlines|IB|IBE|IBERIA|Spain|ES
Ibex Airlines|FW|IBX|IBEX|Japan|JP
IBL Aviation|0C|IBL|CATOVAIR|Mauritius|MU
Iceland Express|5W|AEU|FLY STAR|Iceland|IS
Icelandair|FI|ICE|ICEAIR|Iceland|IS
Imair Airlines|IK|ITX|IMPROTEX|Azerbaijan|AZ
Independence Air|DH|IDE|INDEPENDENCE AIR|United States|US
Indian Airlines|IC|IAC|INDAIR|India|IN
Indigo|I9|IBU|INDIGO BLUE|United States|US
IndiGo Airlines|6E|IGO|IFLY|India|IN
Indonesia AirAsia|QZ|AWQ|WAGON AIR|Indonesia|ID
Indonesian Airlines|IO|IAA|INDO LINES|Indonesia|ID
Interair South Africa|D6|ILN|INLINE|South Africa|ZA
Interavia Airlines|ZA|SUW|ASTAIR|Russia|RU
Intercontinental de Aviación|RS|ICT|CONTAVIA|Colombia|CO
Interlink Airlines|ID|ITK|INTERLINK|South Africa|ZA
International Business Air|6I|IBZ|INTERBIZ|Sweden|SE
Interstate Airline|I4|FWA|FREEWAYAIR|Netherlands|NL
Iran Air|IR|IRA|IRANAIR|Iran|IR
Iraqi Airways|IA|IAW|IRAQI|Iraq|IQ
Irtysh Airlines|IT|IRT|IRTYSH AIRLINES|Uzbekistan|UZ
Island Express|2S|SDY|SANDY ISLE|United States|US
Islas Airways|IF|ISW|PINTADERA|Spain|ES
Israir|6H|ISR|ISRAIR|Israel|IL
Itali Airlines|9X|ACL|ITALI|Italy|IT
Itek Air|GI|IKA|ITEK-AIR|Kyrgyzstan|KG
Izair|H9|IZM|IZMIR|Turkey|TR
JAL Express|JC|JEX|JANEX|Japan|JP
JALways|JO|JAZ|JALWAYS|Japan|JP
Japan Airlines|JL|JAL|JAPANAIR|Japan|JP
Japan Airlines Domestic|JL|JAL|J-BIRD|Japan|JP
Japan Asia Airways|EG|JAA|ASIA|Japan|JP
Japan Transocean Air|NU|JTA|JAI OCEAN|Japan|JP
Jat Airways|JU|JAT|JAT|Serbia|RS
Jatayu Airlines|VJ|JTY|JATAYU|Indonesia|ID
Jazeera Airways|J9|JZR|JAZEERA|Kuwait|KW
Jet Airways|9W|JAI|JET AIRWAYS|India|IN
Jet2.com|LS|EXS|CHANNEX|United Kingdom|GB
Jetairfly|JF|JAF|BEAUTY|Belgium|BE
JetBlue Airways|B6|JBU|JETBLUE|United States|US
Jetclub|0J|JCS|JETCLUB|Switzerland|CH
JetsGo|SG|JGO|JETSGO|Canada|CA
Jetstar Airways|JQ|JST|JETSTAR|Australia|AU
Jetstar Asia Airways|3K|JSA|JETSTAR ASIA|Singapore|SG
JetX Airlines|GX|JXX|JETBIRD|Iceland|IS
Jordan Aviation|R5|JAV|JORDAN AVIATION|Jordan|JO
Kabo Air|N2|QNK|KABO|Nigeria|NG
Kalitta Air|K4|CKS|CONNIE|United States|US
Kalitta Charters|K9|KFS|KALITTA|United States|US
Kam Air|RQ|KMF|KAMGAR|Afghanistan|AF
Kampuchea Airlines|E2|KMP|KAMPUCHEA|Cambodia|KH
Karat|V2|AKT|AVIAKARAT|Russia|RU
Kavminvodyavia|KV|MVD|AIR MINVODY|Russia|RU
KD Avia|KD|KNI|KALININGRAD AIR|Russia|RU
Kenmore Air|M5|KEN|KENMORE|United States|US
Kenya Airways|KQ|KQA|KENYA|Kenya|KE
Keystone Air Service|BZ|KEE|KEYSTONE|Canada|CA
Kibris Türk Hava|KY|KYV|AIRKIBRIS|Turkey|TR
Kingfisher Airlines|IT|KFR|KINGFISHER|India|IN
Kish Air|Y9|IRK|KISHAIR|Iran|IR
Kiwi International Air Lines|KP|KIA|KIWI AIR|United States|US
KLM|KL|KLM|KLM|Netherlands|NL
KLM Cityhopper|WA|KLC|CITY|Netherlands|NL
Kogalymavia Air Company|7K|KGL|KOGALYM|Russia|RU
Komiinteravia|8J|KMV|KOMIINTER|Russia|RU
Krasnojarsky Airlines|7B|KJC|KRASNOJARSKY AIR|Russia|RU
Krylo Airlines|K9|KRI|Krylo|Russia|RU
Kuban Airlines|GW|KIL|AIR KUBAN|Russia|RU
Kunpeng Airlines|VD|KPA|KUNPENG|China|CN
Kuwait Airways|KU|KAC|KUWAITI|Kuwait|KW
Kuzu Airlines Cargo|GO|KZU|KUZU CARGO|Turkey|TR
Kyrgyz Airlines|N5|KGZ|BERMET|Kyrgyzstan|KG
Kyrgyzstan|QH|LYN|ALTYN AVIA|Kyrgyzstan|KG
Kyrgyzstan Airlines|R8|KGA|KYRGYZ|Kyrgyzstan|KG
L.A.B. Flying Service|JF|LAB|LAB|United States|US
LACSA|LR|LRC|LACSA|Costa Rica|CR
LAI - Línea Aérea IAACA|KG|BNX|AIR BARINAS|Venezuela|VE
LAN Airlines|LA|LAN|LAN|Chile|CL
LAN Express|LU|LXP|LANEX|Chile|CL
LAN Peru|LP|LPE|LANPERU|Peru|PE
Lankair|IK|LKN|Lankair|Sri Lanka|LK
Laoag International Airlines|L7|LPN|LAOAG AIR|Philippines|PH
Lauda Air|NG|LDA|LAUDA AIR|Austria|AT
Lebanese Air Transport|LQ|LAQ|LAT|Lebanon|LB
Leeward Islands Air Transport|LI|LIA|LIAT|Antigua and Barbuda|AG
Libyan Arab Airlines|LN|LAA|LIBAIR|Libya|LY
Línea Aérea de Servicio Ejecutivo Regional|QL|LER|LASER|Venezuela|VE
Línea Aérea SAPSA|L7|LNP|SAPSA|Chile|CL
Línea Turistica Aerotuy|LD|TUY|AEREOTUY|Venezuela|VE
Líneas Aéreas Azteca|ZE|LCD|LINEAS AZTECA|Mexico|MX
Líneas Aéreas Privadas Argentinas|MJ|LPR|LAPA|Argentina|AR
Linhas Aéreas de Moçambique|TM|LAM|MOZAMBIQUE|Mozambique|MZ
Lion Mentari Airlines|JT|LNI|LION INTER|Indonesia|ID
Livingston|LM|LVG|LIVINGSTON|Italy|IT
Lloyd Aéreo Boliviano|LB|LLB|LLOYDAEREO|Bolivia|BO
Logan Air|LC|LOG|LOGAN|United Kingdom|GB
LOT Polish Airlines|LO|LOT|POLLOT|Poland|PL
LTE International Airways|XO|LTE|FUN JET|Spain|ES
LTU Austria|L3|LTO|BILLA TRANSPORT|Austria|AT
LTU International|LT|LTU|LTU|Germany|DE
Luftfahrtgesellschaft Walter|HE|LGW|WALTER|Germany|DE
Lufthansa|LH|DLH|LUFTHANSA|Germany|DE
Lufthansa Cargo|LH|GEC|LUFTHANSA CARGO|Germany|DE
Lufthansa CityLine|CL|CLH|HANSALINE|Germany|DE
Lufttaxi Fluggesellschaft|DV|LTF|Garfield|Germany|DE
Lufttransport|L5|LTR|LUFT TRANSPORT|Norway|NO
Luxair|LG|LGL|LUXAIR|Luxembourg|LU
Lviv Airlines|5V|UKW|UKRAINE WEST|Ukraine|UA
Lynden Air Cargo|L2|LYC|LYNDEN|United States|US
Lynx Aviation|L4|SSX|SHASTA|United States|US
Mahan Air|W5|IRM|MAHAN AIR|Iran|IR
Mahfooz Aviation|M2|MZS|MAHFOOZ|Gambia|GM
Malaysia Airlines|MH|MAS|MALAYSIAN|Malaysia|MY
Malév Hungarian Airlines|MA|MAH|MALEV|Hungary|HU
Malmö Aviation|TF|SCW|SCANWING|Sweden|SE
Malta Air Charter|R5|MAC|MALTA CHARTER|Malta|MT
Mandala Airlines|RI|MDL|MANDALA|Indonesia|ID
Mandarin Airlines|AE|MDA|MANDARIN|Taiwan|TW
Mango|JE|MNO|TULCA|South Africa|ZA
MAP-Management and Planung|AQ|MPJ|MAPJET|Austria|AT
Mars RK|6V|MRW|AVIAMARS|Ukraine|UA
Marsland Aviation|M7|MSL|MARSLANDAIR|Sudan|SD
Martinair|MP|MPH|MARTINAIR|Netherlands|NL
MasAir|M7|MAA|MAS CARGA|Mexico|MX
MAT Macedonian Airlines|IN|MAK|MAKAVIO|Macedonia|MK
Mavial Magadan Airlines|H5|MVL|Mavial|Russia|RU
Maxair|8M|MXL|MAXAIR|Sweden|SE
Maxjet Airways|MY|MXJ|MAX-JET|United States|US
Maya Island Air|MW|MYD|MYLAND|Belize|BZ
Mekong Airlines|M8|MKN|MEKONG AIRLINES|Cambodia|KH
Menajet|IM|MNJ|MENAJET|Lebanon|LB
Meridiana|IG|ISS|MERAIR|Italy|IT
Merpati Nusantara Airlines|MZ|MNA|MERPATI|Indonesia|ID
Mesa Airlines|YV|ASH|AIR SHUTTLE|United States|US
Mesaba Airlines|XJ|MES|MESABA|United States|US
Mexicana de Aviación|MX|MXA|MEXICANA|Mexico|MX
Miami Air International|GL|BSK|BISCAYNE|United States|US
MIAT Mongolian Airlines|OM|MGL|MONGOL AIR|Mongolia|MN
Middle East Airlines|ME|MEA|CEDAR JET|Lebanon|LB
Midway Airlines|JI|MDW|MIDWAY|United States|US
Midwest Airlines|YX|MEP|MIDEX|United States|US
MNG Airlines|MB|MNB|BLACK SEA|Turkey|TR
Moldavian Airlines|2M|MDV|MOLDAVIAN|Moldova|MD
Monarch Airlines|ZB|MON|MONARCH|United Kingdom|GB
Montenegro Airlines|YM|MGX|MONTENEGRO|Montenegro|ME
Moskovia Airlines|3R|GAI|GROMOV AIRLINE|Russia|RU
Motor Sich|M9|MSI|MOTOR SICH|Ukraine|UA
Mount Cook Airlines|NM|NZM|MOUNTCOOK|New Zealand|NZ
Mountain Air Company|N4|MTC|MOUNTAIN LEONE|Sierra Leone|SL
MyTravel Airways|VZ|MYT|KESTREL|United Kingdom|GB
Nantucket Airlines|DV|ACK|ACK AIR|United States|US
Nasair|UE|NAS|NASAIRWAYS|Eritrea|ER
National Jet Systems|NC|NJS|NATIONAL JET|Australia|AU
Nationwide Airlines|CE|NTW|NATIONWIDE|South Africa|ZA
Nauru Air Corporation|ON|RON|AIR NAURU|Nauru|NR
Neos|NO|NOS|MOONFLOWER|Italy|IT
Nepal Airlines|RA|RNA|ROYAL NEPAL|Nepal|NP
NetJets|1I|EJA|EXECJET|United States|US
New England Airlines|EJ|NEA|NEW ENGLAND|United States|US
NextJet|2N|NTJ|NEXTJET|Sweden|SE
Niki|HG|NLY|FLYNIKI|Austria|AT
Nippon Cargo Airlines|KZ|NCA|NIPPON CARGO|Japan|JP
Nok Air|DD|NOK|NOK AIR|Thailand|TH
Nordavia|5N|AUL|ARCHANGELSK AIR|Russia|RU
Nordeste Linhas Aéreas Regionais|JH|NES|NORDESTE|Brazil|BR
Nordic Regional|6N|NRD|NORTH RIDER|Sweden|SE
North Flying|M3|NFA|NORTH FLYING|Denmark|DK
North-Wright Airways|HW|NWL|NORTHWRIGHT|Canada|CA
Northern Air Cargo|NC|NAC|YUKON|United States|US
Northwest Airlines|NW|NWA|NORTHWEST|United States|US
Northwestern Air|J3|PLR|POLARIS|Canada|CA
Norwegian Air Shuttle|DY|NAX|NOR SHUTTLE|Norway|NO
Nouvel Air Tunisie|BJ|LBT|NOUVELAIR|Tunisia|TN
Nova Airline|M4|NOV|NOVANILE|Sudan|SD
Novair|1I|NVR|NAVIGATOR|Sweden|SE
Nuevo Continente|N6|ACQ|AERO CONTINENTE|Peru|PE
O'Connor Airlines|UQ|OCM|OCONNOR|Australia|AU
Oasis Hong Kong Airlines|O8|OHK|OASIS|Hong Kong|HK
Ocean Airlines|VC|VCX|OCEANCARGO|Italy|IT
Oceanair|O6|ONE|OCEANAIR|Brazil|BR
Olympic Air|OA|NOA|OLYMPIC|Greece|GR
Olympic Airlines|OA|OAL|OLYMPIC|Greece|GR
Oman Air|WY|OMA|OMAN AIR|Oman|OM
Omni Air International|OY|OAE|OMNI-EXPRESS|United States|US
Omskavia Airline|N3|OMS|OMSK|Russia|RU
Onur Air|8Q|OHY|ONUR AIR|Turkey|TR
Open Skies Consultative Commission|1L|OSY|OPEN SKIES|United States|US
Orenburg Airlines|R2|ORB|ORENBURG|Russia|RU
Orient Thai Airlines|OX|OEA|ORIENT THAI|Thailand|TH
Origin Pacific Airways|QO|OGN|ORIGIN|New Zealand|NZ
Ostfriesische Lufttransport|OL|OLT|OLTRA|Germany|DE
Our Airline|ON|RON|OUR AIRLINE|Nauru|NR
Overland Airways|OJ|OLA|OVERLAND|Nigeria|NG
Ozark Air Lines|OZ|OZR|OZARK|United States|US
Ozjet Airlines|O7|OZJ|AUSJET|Australia|AU
Pace Airlines|Y5|PCE|PACE|United States|US
Pacific Airlines|BL|PIC|PACIFIC AIRLINES|Vietnam|VN
Pacific Blue|DJ|PBN|BLUEBIRD|New Zealand|NZ
Pacific Coastal Airline|8P|PCO|PASCO|Canada|CA
Pacific East Asia Cargo Airlines|Q8|PEC|PAC-EAST CARGO|Philippines|PH
Pacific Southwest Airlines|PS|PSX|SMILEY|United States|US
Pacific Wings|LW|NMI|TSUNAMI|United States|US
Pakistan International Airlines|PK|PIA|PAKISTAN|Pakistan|PK
Palau Trans Pacific Airline|GP|PTP|TRANS PACIFIC|Palau|PW
Palestinian Airlines|PF|PNW|PALESTINIAN|Egypt|EG
Pamir Airways|NR|PIR|PAMIR|Afghanistan|AF
PAN Air|PV|PNR|SKYJET|Spain|ES
Pan American World Airways|PA|PAA|CLIPPER|United States|US
Panafrican Airways|PQ|PNF|PANWAYS|Ivory Coast|CI
Pantanal Linhas Aéreas|P8|PTN|PANTANAL|Brazil|BR
Paramount Airways|I7|PMW|PARAWAY|India|IN
PB Air|9Q|PBA|PEEBEE AIR|Thailand|TH
Pearl Airways|HP|HPA|PEARL AIRWAYS|Haiti|HT
Pegasus Airlines|H9|PGT|SUNTURK|Turkey|TR
Peninsula Airways|KS|PEN|PENINSULA|United States|US
Perm Airlines|P9|PGP|PERM AIR|Russia|RU
Philippine Airlines|PR|PAL|PHILIPPINE|Philippines|PH
Phuket Air|9R|VAP|PHUKET AIR|Thailand|TH
Piedmont Airlines (1948-1989)|PI|PDT|PIEDMONT|United States|US
Pinnacle Airlines|9E|FLG|FLAGSHIP|United States|US
PLUNA|PU|PUA|PLUNA|Uruguay|UY
PMTair|U4|PMT|MULTITRADE|Cambodia|KH
Polar Air Cargo|PO|PAC|POLAR|United States|US
Polynesian Airlines|PH|PAO|POLYNESIAN|Samoa|WS
Polynesian Blue|DJ|PLB|POLYBLUE|New Zealand|NZ
Porter Airlines|PD|POE|PORTER AIR|Canada|CA
Portugalia|NI|PGA|PORTUGALIA|Portugal|PT
Potomac Air|BK|PDC|DISTRICT|United States|US
Precision Air|PW|PRF|PRECISION AIR|Tanzania|TZ
Primaris Airlines|FE|WCP|WHITECAP|United States|US
Private Wings Flugcharter|8W|PWF|PRIVATE WINGS|Germany|DE
Pulkovo Aviation Enterprise|FV|PLK|PULKOVO|Russia|RU
Qantas|QF|QFA|QANTAS|Australia|AU
Qatar Airways|QR|QTR|QATARI|Qatar|QA
Redhill Aviation|8L|RHC|REDAIR|United Kingdom|GB
Reem Air|V4|REK|REEM AIR|Kyrgyzstan|KG
Regional Air Lines|FN|RGL|MAROC REGIONAL|Morocco|MA
Régional Compagnie Aérienne Européenne|YS|RAE|REGIONAL EUROPE|France|FR
Regional Express|ZL|RXA|REX|Australia|AU
RegionsAir|3C|CEA|CORP-X|United States|US
Reno Air|QQ|ROA|RENO AIR|United States|US
Republic Airlines|RW|RPA|BRICKYARD|United States|US
Republic Express Airlines|RH|RPH|PUBLIC EXPRESS|Indonesia|ID
Rico Linhas Aéreas|C7|RLE|RICO|Brazil|BR
Rio Grande Air|E2|GRN|GRANDE|United States|US
Rio Sul Serviços Aéreos Regionais|SL|RSL|RIO SUL|Brazil|BR
Rossiya|FV|SDM|RUSSIA|Russia|RU
Royal Air Force|RR|RFR|RAFAIR|United Kingdom|GB
Royal Air Force of Oman|RS|MJN|MAJAN|Oman|OM
Royal Air Maroc|AT|RAM|ROYALAIR MAROC|Morocco|MA
Royal Airlines|R0|RPK|ROYAL PAKISTAN|Pakistan|PK
Royal Aruban Airlines|V5|RYL|ROYAL ARUBAN|Aruba|AW
Royal Brunei Airlines|BI|RBA|BRUNEI|Brunei|BN
Royal Jordanian|RJ|RJA|JORDANIAN|Jordan|JO
Royal Khmer Airlines|RK|RKH|KHMER AIR|Cambodia|KH
Royal Nepal Airlines|RA|RNA|ROYAL NEPAL|Nepal|NP
Royal Phnom Penh Airways|RL|PPW|PHNOM-PENH AIR|Cambodia|KH
Royal Tongan Airlines|WR|HRH|TONGA ROYAL|Tonga|TO
Russian Sky Airlines|P7|ESL|RADUGA|Russia|RU
Rwandair Express|WB|RWD|RWANDAIR|Rwanda|RW
Ryan Air Service|7S|RCT|ARCTIC TRANSPORT|United States|US
Ryan International Airlines|RD|RYN|RYAN INTERNATIONAL|United States|US
Ryanair|FR|RYR|RYANAIR|Ireland|IE
S7 Airlines|S7|SBI|SIBERIAN AIRLINES|Russia|RU
SAETA|EH|SET|SAETA|Ecuador|EC
Safair|FA|SFR|CARGO|South Africa|ZA
SAM Colombia|MM|SAM|SAM|Colombia|CO
Sama Airlines|ZS|SMY|NAJIM|Saudi Arabia|SA
Samara Airlines|E5|BRZ|BERYOZA|Russia|RU
Santa Barbara Airlines|S3|BBR|SANTA BARBARA|Venezuela|VE
Saratov Aviation Division|6W|SOV|SARATOV AIR|Russia|RU
SAS Braathens|SK|CNO|SCANOR|Norway|NO
Sat Airlines|HZ|SOZ|SATCO|Kazakhstan|KZ
SATA Air Acores|SP|SAT|SATA|Portugal|PT
SATA International|S4|RZO|AIR AZORES|Portugal|PT
Saudi Arabian Airlines|SV|SVA|SAUDIA|Saudi Arabia|SA
Seaborne Airlines|BB|SBS|SEABORNE|United States|US
Servicios de Transportes Aéreos Fueguinos|FS|STU|FUEGUINO|Argentina|AR
SevenAir|UG|SEN|S-BAR|United States|US
Shaheen Air International|NL|SAI|SHAHEEN AIR|Pakistan|PK
Shandong Airlines|SC|CDG|SHANDONG|China|CN
Shanghai Airlines|FM|CSH|SHANGHAI AIR|China|CN
Shanxi Airlines|8C|CXI|SHANXI|China|CN
Shenzhen Airlines|ZH|CSZ|SHENZHEN AIR|China|CN
Shovkoviy Shlyah|S8|SWW|WAY AERO|Ukraine|UA
Shuttle America|S5|TCF|MERCURY|United States|US
Sibaviatrans|5M|SIB|SIBAVIA|Russia|RU
Sichuan Airlines|3U|CSC|SI CHUAN|China|CN
Siem Reap Airways|FT|SRH|SIEMREAP AIR|Cambodia|KH
Sierra National Airlines|LJ|SLA|SELAIR|Sierra Leone|SL
Silk Way Airlines|ZP|AZQ|SILK LINE|Azerbaijan|AZ
SilkAir|MI|SLK|SILKAIR|Singapore|SG
Singapore Airlines|SQ|SIA|SINGAPORE|Singapore|SG
Singapore Airlines Cargo|SQ|SQC|SINGCARGO|Singapore|SG
Skagway Air Service|N5|SGY|SKAGWAY AIR|United States|US
Sky Airline|H2|SKU|AEROSKY|Chile|CL
Sky Eyes|I6|SEQ|SKY EYES|Thailand|TH
Sky Trek International Airlines|1I|PZR|PHAZER|United States|US
Skybus Airlines|SX|SKB|SKYBUS|United States|US
SkyEurope|NE|ESK|RELAX|Slovakia|SK
SkyKing Turks and Caicos Airways|RU|SKI|SKYKING|Turks and Caicos Islands|TC
Skymark Airlines|BC|SKY|SKYMARK|Japan|JP
Skynet Airlines|SI|SIH|BLUEJET|Ireland|IE
Skynet Asia Airways|6J|SNJ|NEWSKY|Japan|JP
Skyservice Airlines|5G|SSV|SKYTOUR|Canada|CA
SkyStar Airways|XT|SKT|SKY YOU|Thailand|TH
Skywalk Airlines|AL|SYX|SKYWAY-EX|United States|US
SkyWest Airlines|OO|SKW|SKYWEST|United States|US
Slok Air Gambia|S0|OKS|SLOK GAMBIA|Gambia|GM
Slovak Airlines|6Q|SLL|SLOV LINE|Slovakia|SK
Solomon Airlines|IE|SOL|SOLOMON|Solomon Islands|SB
Sosoliso Airlines|SO|OSL|SOSOLISO|Nigeria|NG
South African Airways|SA|SAA|SPRINGBOK|South Africa|ZA
South East Asian Airlines|DG|SRQ|SEAIR|Philippines|PH
Southern Winds Airlines|A4|SWD|SOUTHERN WINDS|Argentina|AR
Southwest Airlines|WN|SWA|SOUTHWEST|United States|US
Spanair|JK|JKK|SPANAIR|Spain|ES
Spicejet|SG|SEJ|SPICEJET|India|IN
Spirit Airlines|NK|NKS|SPIRIT WINGS|United States|US
Spring Airlines|9S|CQH|AIR SPRING|China|CN
SriLankan Airlines|UL|ALK|SRILANKAN|Sri Lanka|LK
St Barth Commuter|PV|SBU|BLACK FIN|France|FR
Star Flyer|7G|SFJ|STARFLYER|Japan|JP
Star1 Airlines|V9|HCW|STAR1|Lithuania|LT
Starlink Aviation|Q4|TLK|STARLINK|Canada|CA
Sterling Airlines|NB|SNB|STERLING|Denmark|DK
Sudan Airways|SD|SUD|SUDANAIR|Sudan|SD
Sun Air (Fiji)|PI|SUF|SUNFLOWER|Fiji|FJ
Sun Air of Scandinavia|EZ|SUS|SUNSCAN|Denmark|DK
Sun Country Airlines|SY|SCX|SUN COUNTRY|United States|US
Sun D'Or|7L|ERO|ECHO ROMEO|Israel|IL
SunExpress|XQ|SXS|SUNEXPRESS|Turkey|TR
Sunstate Airlines|QF|SSQ|SUNSTATE|Australia|AU
Sunwing Airlines|WG|SWG|SUNWING|Canada|CA
Superior Aviation|SO|HKA|SPEND AIR|United States|US
Surinam Airways|PY|SLM|SURINAM|Suriname|SR
Swe Fly|WV|SWV|FLYING SWEDE|Sweden|SE
SwedJet Airways|VD|BBB|BLACKBIRD|Sweden|SE
Swedline Express|SM|SRL|Starline|Sweden|SE
Swiss International Air Lines|LX|SWR|SWISS|Switzerland|CH
Swissair|SR|SWR|SWISSAIR|Switzerland|CH
Sylt Air GmbH|7E|AWU|SYLT-AIR|Germany|DE
TAAG Angola Airlines|DT|DTA|DTA|Angola|AO
TACV|VR|TCV|CABOVERDE|Portugal|PT
TAM Brazilian Airlines|JJ|TAM|TAM|Brazil|BR
TAM Mercosur|PZ|LAP|PARAGUAYA|Paraguay|PY
TAME|EQ|TAE|TAME|Ecuador|EC
TAMPA|QT|TPA|TAMPA|Colombia|CO
Tandem Aero|TQ|TDM|TANDEM|Moldova|MD
TAP Portugal|TP|TAP|AIR PORTUGAL|Portugal|PT
Tarom|RO|ROT|TAROM|Romania|RO
Tassili Airlines|SF|DTH|TASSILI AIR|Algeria|DZ
Tavrey Airlines|T6|TVR|TAVREY|Ukraine|UA
Tbilaviamsheni|L6|VNZ|TBILAVIA|Georgia|GE
Teamline Air|L9|TLW|Teamline|Austria|AT
Thai Air Cargo|T2|TCG|THAI CARGO|Thailand|TH
Thai AirAsia|FD|AIQ|THAI ASIA|Thailand|TH
Thai Airways International|TG|THA|THAI|Thailand|TH
Thai Sky Airlines|9I|TKY|THAI SKY|Thailand|TH
Thai Star Airlines|T9|TSX|THAI STAR|Thailand|TH
Thomas Cook Airlines|FQ|TCW|THOMAS COOK|Belgium|BE
Thomsonfly|BY|TOM|TOMSON|United Kingdom|GB
Tiara Air|3P|TNM|TIARA|Aruba|AW
Tiger Airways|TR|TGW|GO CAT|Singapore|SG
Tiger Airways Australia|TT|TGW|GO CAT|Australia|AU
Titan Airways|ZT|AWC|ZAP|United Kingdom|GB
TNT Airways|3V|TAY|QUALITY|Belgium|BE
Tobruk Air|7T|TOB|TOBRUK AIR|Libya|LY
Tol-Air Services|TI|TOL|TOL AIR|United States|US
Trans Mediterranean Airlines|TL|TMA|TANGO LIMA|Lebanon|LB
Trans States Airlines|AX|LOF|WATERSKI|United States|US
Trans World Airlines|TW|TWA|TWA|United States|US
Transaero Airlines|UN|TSO|TRANSOVIET|Russia|RU
TransAsia Airways|GE|TNA|TransAsia|Taiwan|TW
Transavia Holland|HV|TRA|TRANSAVIA|Netherlands|NL
TransAVIAexport Airlines|AL|TXC|TRANSEXPORT|Belarus|BY
Transbrasil|TR|TBA|TRANSBRASIL|Brazil|BR
Transeuropean Airlines|UE|TEP|TRANSEURLINE|Russia|RU
TransMeridian Airlines|T9|TRZ|TRANS-MERIDIAN|United States|US
Transmile Air Services|TH|TSE|TRANSMILE|Malaysia|MY
Transports et Travaux Aériens de Madagascar|OF|TML|TAM AIRLINE|Madagascar|MG
Transwest Air|9T|ABS|ATHABASKA|Canada|CA
Trast Aero|S5|TSJ|TRAST AERO|Kyrgyzstan|KG
Travel Service|QS|TVS|SKYTRAVEL|Czech Republic|CZ
Tri-MG Intra Asia Airlines|GY|TMG|TRILINES|Indonesia|ID
TRIP Linhas Aéreas|8R|TIB|TRIP|Brazil|BR
Tropic Air|PM|TOS|TROPISER|Belize|BZ
TUIfly Nordic|6B|BLX|BLUESCAN|Sweden|SE
Tunisair|TU|TAR|TUNAIR|Tunisia|TN
Turan Air|3T|URN|TURAN|Azerbaijan|AZ
Turkish Airlines|TK|THY|TURKISH|Turkey|TR
Twin Jet|T7|TJT|TWINJET|France|FR
Ukraine International Airlines|PS|AUI|UKRAINE INTERNATIONAL|Ukraine|UA
Ukrainian Cargo Airways|6Z|UKS|CARGOTRANS|Ukraine|UA
UM Airlines|UF|UKM|UKRAINE MEDITERRANEE|Ukraine|UA
United Airlines|UA|UAL|UNITED|United States|US
United Feeder Service|U2|UFS|FEEDER EXPRESS|United States|US
United Parcel Service|5X|UPS|UPS|United States|US
Ural Airlines|U6|SVR|SVERDLOVSK AIR|Russia|RU
US Airways|US|AWE|CACTUS|United States|US
US Helicopter|UH|USH|US-HELI|United States|US
USA Jet Airlines|U7|JUS|JET USA|United States|US
USA3000 Airlines|U5|GWY|GETAWAY|United States|US
UTair Aviation|UT|UTA|UTAIR|Russia|RU
Uzbekistan Airways|HY|UZB|UZBEK|Uzbekistan|UZ
V Australia Airlines|VA|VAU|VEE-OZ|Australia|AU
Valuair|VF|VLU|VALUAIR|Singapore|SG
ValuJet Airlines|J7|VJA|CRITTER|United States|US
Varig Logística|LC|VLO|VELOG|Brazil|BR
VASP|VP|VSP|VASP|Brazil|BR
Viaggio Air|VM|VOA|VIAGGIO|Bulgaria|BG
Vietnam Airlines|VN|HVN|VIET NAM AIRLINES|Vietnam|VN
VIM Airlines|NN|MOV|MOV AIR|Russia|RU
Virgin America|VX|VRD|REDWOOD|United States|US
Virgin Atlantic Airways|VS|VIR|VIRGIN|United Kingdom|GB
Virgin Blue|DJ|VOZ|VIRGIN|Australia|AU
Virgin Blue Holdings|DJ|VBH|BLUEY|Australia|AU
Virgin Express|TV|VEX|VIRGIN EXPRESS|Belgium|BE
Virgin Nigeria Airways|VK|VGN|VIRGIN NIGERIA|Nigeria|NG
Vision Airlines|V2|RBY|RUBY|United States|US
Vladivostok Air|XF|VLK|VLADAIR|Russia|RU
VLM Airlines|VG|VLM|RUBENS|Belgium|BE
Volare Airlines|VE|VLE|VOLA|Italy|IT
Volaris|Y4|VOI|VOLARIS|Mexico|MX
Volga-Dnepr Airlines|VI|VDA|VOLGA-DNEPR|Russia|RU
Voyageur Airways|VC|VAL|VOYAGEUR|Canada|CA
VRG Linhas Aéreas|RG|VRN|VARIG|Brazil|BR
Vueling Airlines|VY|VLG|VUELING|Spain|ES
Wasaya Airways|WT|WSG|WASAYA|Canada|CA
Wataniya Airways|KW|WAN|WATANIYA|Kuwait|KW
WDL Aviation|W1|WDL|WDL|Germany|DE
WebJet Linhas Aéreas|WJ|WEB|WEB-BRASIL|Brazil|BR
Welcome Air|2W|WLC|WELCOMEAIR|Austria|AT
West Air Sweden|PT|SWN|AIR SWEDEN|Sweden|SE
West Caribbean Airways|YH|WCW|WEST|Colombia|CO
Western Airlines|WA|WAL|WESTERN|United States|US
WestJet|WS|WJA|WESTJET|Canada|CA
Westward Airways|CN|WWD|WESTWARD|United States|US
Widerøe|WF|WIF|WIDEROE|Norway|NO
Wind Jet|IV|JET|GHIBLI|Italy|IT
Wings Air|1W|WON|WINGS ABADI|Indonesia|ID
Wings of Alaska|K5|WAK|WINGS ALASKA|United States|US
Wizz Air|W6|WVL|WIZZBUL|Bulgaria|BG
World Airways|WO|WOA|WORLD|United States|US
Wright Air Service|8V|WRF|WRIGHT FLYER|United States|US
Xiamen Airlines|MF|CXA|XIAMEN AIR|China|CN
XL Airways France|SE|SEU|STARWAY|France|FR
Xtra Airways|XP|CXP|CASINO EXPRESS|United States|US
Yamal Airlines|YL|LLM|YAMAL|Russia|RU
Yangtze River Express|Y8|YZR|YANGTZE RIVER|China|CN
Yemenia|IY|IYE|YEMENI|Yemen|YE
Yuzhmashavia|2N|UMK|YUZMASH|Ukraine|UA
Zambian Airways|Q3|MBN|ZAMBIANA|Zambia|ZM
Zimex Aviation|C4|IMX|ZIMEX|Switzerland|CH
Zip|3J|WZP|ZIPPER|Canada|CA
Zoom Airlines|Z4|OOM|ZOOM|Canada|CA
