city|misspelling
abbeville|abbevile
abbeville|abeville
abilene|abiline
adamsville|adamsvile
adams|adums
akron|acron
alabaster|alabastre
alameda|alamedda
alamosa|alamusa
albany|albanee
albany|albny
albany|allbany
albertville|albertvile
albuquerque|abaquerque
albuquerque|albequerqu
albuquerque|albuqerque
albuquerque|albuquerqe
algona|allgona
algonquin|algonkwen
algonquin|algonkwin
algonquin|algonquen
allemands|alemand
allentown|alentown
alma|amla
amboy|amboi
anderson|andarson
angeles|angels
angeles|angleles
angeles|angles
angelo|agilo
angelo|angilo
annapolis|anapolis
anniston|aniston
ann|a
anoka|annoka
anthony|anthoy
apache|apac
apex|apecks
apex|apexs
artesia|artesea
arvada|avrada
arvada|rvada
ashton|ashtown
aspen|aspin
athens|athins
athol|atthol
atlanta|altanta
auburn|aburn
auburn|aubern
auburn|uaburn
ault|alt
ault|ult
aurora|arora
aurora|uarora
austin|austen
bakersfield|bakersfeil
baltimore|baltimor
bandera|bandere
bandera|bandira
bangor|banger
bardstown|bardston
barre|bare
batavia|batevia
batre|bater
baxter|bakste
bayou|bay
bayou|bayu
beach|baech
beach|beech
beardstown|baerdstown
beattie|baettie
beattie|beatie
beaver|beever
beaver|bever
bellevue|beleevue
bellevue|belleveu
bellingham|belingham
bellingham|belinghem
belzoni|belsoni
bemidji|bemedji
bemidji|bemidjee
bemidji|bemidje
benton|benten
benton|binton
berea|berae
berkeley|berkley
berkeley|berklui
berkeley|berkly
berlin|berlen
berlin|burlin
berrien|berian
berrien|brerrian
berryville|berryvile
berthoud|berthood
berthoud|burthoud
bertram|bertrim
bessemer|besemer
bethany|betheny
bethlehem|bethlaham
bethlehem|bethlahem
bethlehem|bethleham
biloxi|bilcksi
biloxi|bilocksi
binghamton|bimghamton
birmingham|bermingham
birmingham|berminghum
birmingham|birminghum
birmingham|brimingham
bishop|bisshop
bloomington|bloomingtown
bluefield|bluefeild
boone|bonne
boston|bostun
bothell|bothel
boulder|bolder
bozeman|bozman
breaux|braeux
breckenridge|brekenridge
brevard|breverd
bridgeport|brigdeport
bridgeport|brigeport
brinkley|brinckley
brinkley|brinkly
bristol|bristal
bristol|bristel
bristol|bristil
britain|britin
brockton|brocktun
brockton|brocton
brockton|brokton
brooklyn|brooklen
brunswick|brenswick
brunswick|brunswik
buena|benua
buena|beuna
buena|bunena
buhl|buhll
buhl|bulh
buhl|bull
burlington|berlington
butte|bu
butte|but
butte|bute
butte|but
butte|butt
byram|biram
calabash|kalabash
caldwell|callwell
caldwell|callwel
caldwell|calwel
campbell|campbele
campbell|campbel
canon|cannon
carbondale|carbundale
carrboro|carboro
carrboro|carrborro
castle|castel
castroville|castro ville
castroville|castrovile
cawker|carker
cedaredge|cederedge
central|centrel
chadbourn|chadborn
champaign-urbana|champaign urbana
champaign-urbana|champaigne-urbana
champaign-urbana|champain-urbana
chandler|chandlur
charleston|charleton
charlotte|charlote
chatsworth|chatswoorth
chatsworth|chatswourth
chattanooga|chatanoga
chattanooga|chatanooga
chattanooga|chattanoga
cherryfield|cherryfeild
cheshire|chessire
cheyenne|cheyene
chicago|chicargo
chico|checo
chico|cheico
chico|cheiko
chico|cheko
chico|chiko
chula|chewla
chula|chola
chula|chuula
churubusco|churobusco
churubusco|churubesco
cincinnati|cincinati
cincinnati|cinsinati
cincinnati|cinsinnati
cincinnati|sincinati
cincinnati|sincinnati
cincinnati|sinsinati
circleville|circlevile
clarksville|clarksvile
clark|clerk
claxton|claxtown
cleveland|clevland
clifton|clefton
clifton|cliften
clifton|cliftin
cloud|cluod
clovis|cloves
clovis|kloves
clovis|klovis
coachella|coachela
coachella|coahcela
coachella|coahcella
coachella|cochela
coachella|cochella
coconut|cocanut
cody|codee
cody|codi
collinsville|collinsvil
collins|colin
colonial|collonial
colony|colonny
colquitt|colquit
colquitt|culquitt
columbia|clumbia
columbia|colubia
columbia|columbea
columbus|calumbus
columbus|colubus
columbus|columbas
colville|colvile
compton|comptan
compton|compten
concord|concerd
conway|conaway
conway|connway
cooperstown|cooperston
cooperstown|coperstown
coral|corel
cordele|cordell
corning|cornning
corona|carona
corsicana|coricana
corsicana|corsikana
cottonwood|cotonwood
cottonwood|cottonwod
cozad|cosad
cozad|cozzad
cranford|cranferd
crawford|crawferd
creede|crede
creede|creed
crisfield|crisfeild
crosse|crose
cruz|cruise
crystal|crsytal
cuero|ceuro
cuero|cuaro
dalton|dawlten
dalton|dawlton
daly|dally
danbury|danbery
dannebrog|danebrog
dannebrog|dannesborg
danville|danvile
davison|davisen
davis|daveis
davis|dayvis
dawsen|dawsin
dayton|daeton
dayton|daytown
dekalb|decalb
dekalb|deekalb
decatur|decater
decatur|decauter
decatur|decautur
deer|dea
deland|daland
delphos|delphis
delphos|delphus
demopolis|demopalis
denver|denvar
denville|denvile
derby|darby
derry|dery
detroit|detriot
dickinson|dicinson
diego|deago
diego|deigo
diego|diago
dinuba|dinuuba
dodge|dogd
dodge|dogde
douglas|doglas
douglas|duoglas
dover|dovar
dove|dove creak
drayton|draytown
drumright|drumrite
dubach|debach
duluth|deluth
dumas|domas
dumas|dummas
duncanville|duncanvile
durango|derango
dyersville|dyersvile
dyersville|dyerville
eagle|aegle
eaton|eeton
eau|e
edgewater|egdewater
elberton|elberte
elberton|elbertun
elgin|elgen
elgin|lgen
elgin|lgin
elizabethton|elisabethto
elizabethton|elizabetha
elizabethton|elizabethte
elkhart|elkheart
elkhart|ellkhart
emerson|emmerson
emmetsburg|emetsburg
emmetsburg|emmitsburg
enumclaw|imunclaw
erie|eerie
erie|erei
erwin|irwin
eufaula|ufaula
eugene|eugean
eugene|ugene
eustis|eutes
eustis|ustis
fairfield|fairfeild
fallbrook|fallbroock
fallon|falon
farmington|farmingten
fayetteville|faeteville
fayetteville|faettevill
fayetteville|fayetevile
fayetteville|fayetevill
fayetteville|fayettevil
fayetteville|fayettvill
fayetteville|fayetvile
fayetteville|fayetville
fernandina|fernadina
fernandina|fernandena
fe|fae
fe|fay
flagstaff|flagstaf
florida|floorida
forestville|forestvile
forestville|forrestvill
forest|forrest
fortescue|fortesceu
fortescue|fortescu
francisco|francesco
francisco|fransico
fruita|fruta
fulton|fullton
gainesville|gainsvile
galilee|galalee
galilee|gallilee
gallup|gallop
galveston|galverten
galveston|galvestin
gary|garry
gaylord|gaelord
genoa|genao
gilroy|gillroy
girard|girad
glendale|glendele
glendive|glendeve
gloucester|glocester
gloucester|glochester
goleta|goeleta
goleta|golleta
gonzales|gonzals
granville|granvile
greeley|greely
greeley|greley
greenfield|greenfeild
greenville|greenvile
greenwood|greenwod
gridley|grideley
griffin|grifin
griggsville|griggsvile
griggsville|grigsville
grinnell|grinell
grinnell|grinnel
groton|groten
groton|growton
grove|grave
gueydan|geuydan
gulfport|gulf port
hacienda|hacenda
hacienda|haicenda
hacienda|haisenda
hacienda|hasenda
hadley|hadly
hagerstown|hagerston
hagerstown|hagerton
haines|hains
haines|hanies
haines|haynes
haines|hayns
haleyville|haleyvile
hamden|hamdin
hamilton|hamelton
hamilton|hamiltown
hammondsport|hamondsport
hannibal|hanibal
hartford|hartferd
hartselle|hartsele
hastings|hasting
hattiesburg|hatiesburg
hattiesburg|hattesburg
haute|hate
haven|havan
haven|heaven
haven|heven
haverstraw|haversstraw
haysville|haysvile
heights|hieghts
hercules|heracles
hercules|hercales
hershey|hershy
hershey|hurshy
hialeah|hialaeh
hialeah|hialeh
hialeah|hileah
holtville|holtvile
holyoke|hollyoak
holyoke|hollyoke
holyoke|holyoak
honaker|honerker
honaker|hunaker
honolulu|honnolulu
honolulu|honololu
honolulu|honoluluu
houston|hoston
houston|houstin
houston|huoston
houston|huston
hueytown|heuytown
huntington|huntingdon
huntley|huntly
huntsville|huntsvile
ida|idah
ilwaco|llwaco
independance|indepandence
indiana|indianna
indio|indeo
inianapolis|indianaopolis
inola|enola
inola|inolah
isleton|iselton
isleton|isletun
isleton|istelon
jacksonville|jacksonvile
jackson|jakson
jamestown|jameston
jasper|japser
jennings|jenings
jerome|jerom
jersey|jersy
johnson|johnsson
johnstown|johnston
joliet|joeliet
joliet|jolliet
jonesborough|jonesboro
jonesboro|jonesborough
jonesboro|jonesburo
jose|hosey
jose|hose
jose|josay
junction|junktio
juneau|jeenay
juneau|jenau
juneau|junaeu
kalamazoo|calamazoo
kalamazoo|kalamazo
kalispell|kalispel
kalispell|kalisspell
kannapolis|kanapolis
kansas|kanses
kansas|kansus
kaufman|caufman
kaufman|kafman
kaufman|kufman
keansburg|keansberg
keene|kene
keene|kenne
keizer|kaiser
keizer|kaizer
keizer|keiser
keizer|keizar
kelso|kellso
kenai|kanai
kenai|keani
kenai|kenei
kenai|kinai
kennesaw|kenesaw
kennesaw|kennisaw
kenton|kenten
keokuk|keokuck
keokuk|kiokuck
keokuk|kiokuk
ketchikan|kechikan
ketchikan|kecthikan
ketchikan|ketchekan
kewanee|kewane
kewanee|kewanne
kingsville|kingsvile
kirkland|kirikland
kirkwood|kircwood
kirwin|kerwin
kirwin|kirwen
knik|kuhnick
knik|kunik
knik|nik
knoxville|knoxvile
kodiak|codiak
kodiak|kodiac
kokomo|cocomo
kokomo|kocomo
lafayatte|lafayate
lafayatte|lafayatt
laramie|laramy
lathrop|lathrup
lauderdale|laderdal
lebanon|lebannon
lebanon|lebanonn
lecompte|lecompt
lee|li
lenexa|leneksa
lenoir|lenor
leola|leeola
leola|loela
leoti|loeti
lewes|leuus
lewes|lewis
lexington|lexingtown
limon|lemon
lincoln|linclon
lincoln|linculn
linden|lindin
lindsborg|lindborg
lithonia|lethonia
little|littel
lockport|lokport
lodi|laudy
lodi|lody
lodi|lordy
lodi|lowdy
lombard|lomberd
lompac|lompack
lompac|lumpack
lompac|lumpac
louisville|louisvile
loup|loop
lowell|lowel
lynchburg|lenchburg
lynchburg|lynchberg
machester|mancester
madison|madisen
maggie|magie
malvern|mallvern
malvern|malverne
manchester|manchestar
manhattan|manhatan
mannford|manferd
mannford|manford
mannford|mannferd
marionville|marionvile
marion|maryen
marion|maryon
martinville|martinvile
marysville|marrysvile
marysville|marrysville
marysville|marysvile
mattoon|maton
mattoon|matton
mcallen|macalen
mcallen|macallen
mcallen|mcalen
mccloud|mcloud
mccloud|maccloud
mcminnville|mcminnvile
mcminnville|mcminvile
mcminnville|mcminville
medfield|medfeild
melbourne|melborne
melbourne|melborn
melbourne|melburne
memphis|memfis
merced|merked
merced|murced
meredith|meridith
meriden|mariden
meriden|merriden
meriden|meryden
merseilles|merseiles
merseilles|merselles
merseilles|mersiles
mesick|misick
metropolis|metropalis
miami|maimi
miami|miame
miami|myame
miami|myami
middletown|midletown
midlothian|midlothien
midlothian|mildthoian
milipitas|milepeters
milipitas|milipiters
milipitas|millipeters
milipitas|millipitas
millinocket|milinocket
millinocket|millinoket
milpitas|milepitas
milwaukee|milwakee
milwaukee|milwake
minneapolis|mineapolis
minneapolis|minnapolis
minneapolis|minneaoplis
mishawaka|meshawaka
mishawaka|mishawacka
missoula|misoula
missoula|missola
missoula|missula
modesto|modisto
moines|monie
monica|monika
monterey|montery
montgomery|mountgomery
montgomery|muntgomery
monticello|monticelo
morton|morten
muskegon|muskigon
myers|mier
myrtle|mertle
naperville|napervile
nashua|nashuwa
nashville|nashvile
naugatauk|nagatuck
naugatauk|naguatuck
naugatauk|nagutuck
naugatauk|naugatack
naugatauk|naugatuck
nederland|nedarland
neosho|noesho
newark|neuark
newberry|newbury
newberry|nuberry
newburyport|newberyport
newman|nuuman
newport|nuuport
niagara|niagra
norco|norko
norman|normann
northampton|northhampton
northampton|northhamptown
northfield|northfeild
norwich|norwhich
norwich|norwitch
o'fallen|ofallen
o'neill|o'neil
o'neill|oneil
oak ridge|oak rigde
oakland|okeland
ocean|ocaen
ocoee|ocoei
ocoee|ocooe
ocoee|okooe
ogdensburg|odgensburg
ogdensburg|ogdensberg
okeechobee|oceechobee
okeechobee|oceechobe
okeechobee|okechobee
oklahoma|oaklohoma
oklahoma|oklaoma
olathe|olath
olney|alnee
olney|olnee
omaha|omeha
onaway|onrway
onaway|unaway
orem|orim
orem|urem
orleans|orlaens
ormond|ormend
oroville|orovile
oswego|auswego
ouray|owray
ouray|uray
owensboro|owensborough
oxnard|oxnerd
ozark|osark
pacifica|pacifika
pacifica|paecifica
paducah|padukah
palisade|palicade
palm|plam
panama|pamama
panama|pananma
parsons|parsins
pasadena|paesadena
pasadena|pasedena
paso|pas
paterson|patarson
pawtucket|pautucket
payne|pan
peabody|peebody
pearsonville|pearsonvile
pearsonville|personville
pensacola|pensecola
pensacola|pensicola
peoria|peeoria
peoria|peorhia
perth|pert
peru|peruu
petersburg|petersberg
phelps|felps
philadelphia|philedelphia
philadelphia|philidelphia
philadelphia|piladelphia
phoenix|fenix
phoenix|phenix
phoenix|pheonix
pikeville|pikevile
pinehurst|pinhurt
pittsburgh|pitsberg
pittsburgh|pitsburgh
pittsburgh|pitsburg
pittsburgh|pittsberg
pittsburgh|pittsburg
pittsburg|pitsburg
pittsburg|pittburg
pittsburg|pittsburgh
placerville|placervile
placerville|plaserville
plainfield|planfeild
plano|planno
platte|plate
pleasant|plaesent
pleasant|pleasent
plymouth|plemouth
plymouth|plymoth
plymouth|plymuth
pocatello|pocatelo
ponchatoula|poncatoula
ponchatoula|ponchatola
ponchatoula|ponchatula
portland|port
prairie|prarie
pratville|pratvile
prescott|prescot
presque|preskie
presque|presqu
preston|prestin
provincetown|provinceton
provo|provvo
pueblo|peublo
punxsutawney|punsutawney
punxsutawney|punsutawny
punxsutawney|punxutawney
punxsutawney|puxsutawny
purcell|percell
purcell|percel
purcell|persell
purcell|persel
purcell|purcel
purcell|pursel
quincy|kwincy
quinter|kwinter
quitman|quietman
quitman|quiteman
radford|radferd
radford|redford
raleigh|raliegh
raleigh|ralley
rancho|ranco
randolph|randolf
rayne|raine
rayne|rain
rayne|rayn
ray|rae
reading|reeding
redmond|redmund
redwood|redwod
redwood|redwould
reedley|readley
reedley|reedly
rehoboth|reehaboth
rehoboth|reehoboth
rehoboth|rihoboth
renfro|rinfro
reno|rin
reno|rino
rhineback|rineback
richmond|richmend
rio|ri
roanoke|roanoak
roanoke|ronoke
rochele|rochelle
rochester|rocester
rochester|rochesster
rockland|rokland
rosa|rosea
roscoe|rosco
roscoe|rossco
roshelle|roshele
roswell|roswel
rumney|rumknee
rumney|rumnee
rumney|rumny
russell|russel
rutland|rutlend
sacramento|sackramento
sacramento|sackremento
sacramento|sacremento
saint|siant
salem|salam
salem|selem
salina|salena
sandersville|sandersvile
sanger|sangar
sansom|sansem
sansom|sansum
sarasota|saraota
sarasota|sarastoa
saratoga|sarahtoga
saratoga|saratuga
savannah|savanah
schenectady|schenactdy
schenectady|schenctady
schenectady|schnectady
scottsdale|scotdale
scottsdale|scotsdale
scranton|scrannton
seaford|seeford
sedalia|sadalia
sedona|cedona
sedona|sedonna
selma|sellma
senatobia|sentaobia
senatobia|sentobia
severance|saverance
severance|sevarance
shelbyville|shelbyvile
shelbyville|shellbyvile
shelbyville|shellbyville
sierra|seerra
sierra|siera
siloam|seloam
siloam|silaom
sioux|sious
sioux|siou
sioux|soux
sitka|sitca
slocomb|slokomb
slocomb|slowcomb
soldiers|soildiers
solvang|sulvang
somerville|somervile
spartanburg|spartanberg
spencer|spenser
spokane|spokan
springfield|springfeild
springville|spingvile
stamford|stamferd
staten|statan
staten|statin
stilwell|stillwell
stilwell|stilwel
stockton|stocton
stockton|stokton
strongsville|strongsvile
stuttgart|stutgartt
stuttgart|stutgart
sugarcreek|sugercreek
sugar|sege
sugar|shuger
sugar|suger
summer|sumer
sumner|sumneer
sunnyvale|sunyvale
sylacauga|sylacaga
sylacauga|sylacuga
tacoma|tacomah
tacoma|takoma
takoma|takomma
takoma|takuma
talent|talint
talent|telant
tallahassee|talahase
tallahassee|talahassee
tallahassee|talahasse
tallahassee|tallahasee
tallahassee|tallahasse
taos|toas
tarpon|tarpun
tarpon|terpon
tarpon|terpun
tarryall|taryall
tauton|taton
tauton|tuton
telluride|telleride
telluride|toelleride
teringua|terengua
teringua|teringau
teringua|tiringua
terre|tere
texarkana|texakana
texarkana|texerkana
texas|texaz
texas|texsas
thomasville|thomasvile
thompson|tompso
toledo|tolado
toledo|tolido
tombstone|toambstone
tombstone|toamstone
tonawanda|tonwanda
towner|toner
traverse|taverse
traverse|travese
troy|troie
tulelake|tuellake
tulsa|telsa
tulsa|toolsah
tuscaloosa|tucsaloosa
tuscaloosa|tuscalosa
tuscon|tucson
tuskegee|tucksegee
tuskegee|tuskagee
tyler|tieler
tyler|tiler
ulm|elm
unadilla|unadila
valdosta|faldosta
valdosta|valdusta
valley|valey
valparaiso|valapariso
valparaiso|valpariso
vegas|vagas
vicksburg|vicksberg
victoria|vicoria
victoria|victorhia
vidalia|vidallia
view|veiw
waco|wacco
waco|wako
wallace|walace
wallace|wallis
walla|wala
waltham|walthum
warrensburg|warensberg
warrensburg|warensburg
warrensburg|warrensberg
warroad|waroad
wartrace|war trace
wartrace|wartrase
warwick|warwic
warwick|warwik
wasco|wasko
wasco|wosco
wasco|wosko
washington|washingtown
waterbury|waterbery
waterville|watervile
watsonville|watsonvile
waynesboro|wainesboro
waynesboro|wayneboro
waynesboro|waynesborough
waynesboro|waynesboru
waynesville|waynesvile
waynesville|wayneville
wayne|wain
wayne|way
weatherford|weatherferd
weatherford|wetherford
weirton|weirten
weirton|werton
westfield|westfeild
wetumpka|wetempka
wichita|wichta
wickenburg|wikenburg
willard|wilard
williamsburg|williamsberg
willimantic|wilimantic
willimantic|willamantic
willits|wilits
willits|willets
wills|wils
wilmington|willmingten
wilmington|willmington
wilmington|willminton
wilmington|wilmingten
wilmington|wilmingtown
wilmington|wilminton
winfield|winfeild
winnemucca|winemuca
winnemucca|winemucca
winnemucca|winnemuca
winooski|winokski
winooski|winoski
wisconsin|winstconstin
worcester|wochester
worcester|worchester
worthington|worthingtown
worth|wor
xenia|senia
xenia|xenea
yakima|yackima
yonkers|yonkars
yonkers|yunkers
yorba|yurba
york|yurk
york|nyc
yuba|uba
yuma|uma
zanesville|zanesvile
