name|nickname
aaron|aarie
aaron|aary
aaron|ari
aaron|arri
aaron|ron
aaron|ronnie
abbott|ab
abel|abe
abigail|abbey
abigail|abbie
abigail|abby
abigail|gail
abigail|gale
abigail|gayl
abigail|gayle
abraham|abe
abraham|abie
abraham|abram
abraham|bram
acacia|cacia
acacia|casia
adam|ad
adam|addy
adara|addie
adelaide|aley
adelaide|ela
adelaide|elke
adelaide|laidey
adelaide|laidy
adeline|ada
adeline|addie
adeline|addy
adeline|adelle
adrian|addie
adrian|ade
adrian|adri
adrienne|addie
agate|aggie
agatha|aage
agatha|agata
agatha|agathe
agatha|agathi
agatha|age
agatha|agge
agatha|aggie
agatha|aggy
agatha|agi
agatha|agie
agatha|egie
aggie|ag
agnes|aggie
agnes|aggy
agnes|agni
agnes|ines
agnes|necha
aileen|lena
alan|al
alberta|berta
alberta|bertie
albert|al
albert|albie
albert|bert
albert|berto
albert|burt
aldo|al
aldrich|rich
aldrich|richie
alexander|al
alexander|alac
alexander|alax
alexander|alec
alexander|aleck
alexander|aleix
alexander|alejo
alexander|alejos
alexander|alek
alexander|aleks
alexander|ales
alexander|alesi
alexander|alex
alexander|alexe
alexander|alexei
alexander|alexey
alexander|alexs
alexander|alexsey
alexander|alexy
alexander|alez
alexander|alic
alexander|alick
alexander|aliek
alexander|alix
alexander|allec
alexander|alleik
alexander|allex
alexander|elex
alexander|jando
alexander|oles
alexander|sandy
alexander|sasha
alexander|xan
alexander|xander
alexander|zander
alexandra|ale
alexandra|alea
alexandra|aleah
alexandra|aleaha
alexandra|aleahya
alexandra|alei
alexandra|aleia
alexandra|aleja
alexandra|alejan
alexandra|aleka
alexandra|alex
alexandra|alexie
alexandra|alexza
alexandra|aley
alexandra|aleya
alexandra|aleyah
alexandra|allie
alexandra|alyx
alexandra|alyxa
alexandra|alyza
alexandra|alyze
alexandra|lexie
alexandra|lexy
alexandra|sandie
alexandra|sandy
alexandria|alexia
alexandria|drinka
alexa|alex
alexis|alex
alexis|alexi
alexis|alexia
alexis|alexie
alexis|alexx
alexis|alley
alexis|alli
alexis|allie
alexis|ally
alexis|lexi
alexis|lexie
alexis|lexis
alexis|lexus
alfreda|ferda
alfreda|freda
alfreda|freddy
alfred|al
alfred|alf
alfred|alfie
alfred|alfy
alfred|fred
alice|ali
alice|alie
alice|alle
alice|alli
alice|allie
alice|ally
alice|elisie
alicia|alice
alicia|alii
alicia|alisha
alicia|alli
alicia|ally
alicia|allye
alicia|aly
alicia|elisie
alisha|ali
allan|al
allegra|ali
allegra|allie
allegra|legra
allen|al
allen|albie
allison|ali
allison|alli
allison|allie
allison|ally
allison|aly
alonzo|al
alonzo|alonso
alonzo|lon
alonzo|lonnie
alonzo|lonny
alphonso|affie
alphonso|alf
alphonso|alfie
alphonso|fons
alphonso|fonso
alphonso|fonzie
alvina|alvie
alvin|al
alvin|alv
alvin|alvey
alvin|alvi
alvin|alvie
alvin|alvy
alvin|el
alycia|alyse
alycia|lycia
alysa|alys
alysa|alyse
alysa|alysse
amanda|amanie
amanda|amanni
amanda|mandi
amanda|mandie
amanda|mandy
amaris|maris
amaya|maya
amber|amb
amber|amby
amelia|ami
amelia|amy
amelia|emily
amy|amey
amy|ami
amy|amie
amy|amiee
amy|amme
amy|ammi
anastasia|ana
anastasia|stacey
anastasia|stasia
anastasia|tasia
anderson|andy
andrea|andi
andrea|andie
andrea|andri
andrea|andy
andrea|anndee
andrea|anndi
andrea|rea
andrew|and
andrew|anddy
andrew|ande
andrew|andee
andrew|andhy
andrew|andi
andrew|andie
andrew|andy
andrew|andys
andrew|dreu
andrew|dreux
andrew|drew
andrew|drewey
andrew|drewry
andrew|dru
andrew|drue
andrew|druey
andrew|druie
andre|andy
andre|dre
andre|endy
angela|ang
angela|ange
angela|angee
angela|angeia
angela|angel
angela|anggie
angela|angi
angela|angie
angela|angil
angela|angy
angela|anngel
angela|anngie
angelica|angel
anita|anit
anita|ann
anita|nita
annabelle|annie
annabelle|anny
annabelle|bell
annabelle|bella
annabelle|belle
annabelle|nancy
annette|ann
annette|annie
annette|anny
annette|nan
annette|nancy
annette|nannie
annette|nettie
anne|annee
ann|anney
ann|anni
ann|annie
ann|anny
anthony|ant
anthony|anth
anthony|anthon
anthony|toney
anthony|tony
antoinette|ann
antoinette|rose
antoinette|toni
antoinette|tonie
antoinette|tonni
antoinette|tonnie
antoinette|tony
antonia|toni
antonia|tonia
antonia|tonie
antonia|tony
antonio|tonio
antonio|tony
april|apri
arabella|ara
arabella|bella
arabella|belle
archibald|arch
archibald|archie
arden|ard
arden|ardi
arden|ardie
ardith|ardi
ardith|ardie
aretha|retha
ariadne|ari
ariane|ari
ariel|ari
arland|arley
arland|arlie
arland|arly
arlene|arla
arlene|arle
arlene|arlee
arlene|arlie
arlene|arly
arlene|lena
arnold|arn
arnold|arndt
arnold|arne
arnold|arney
arnold|arnie
arnold|arny
arthur|art
arthur|artie
arthur|arty
arthur|turi
artis|arti
artis|artie
ashley|ash
ashley|lee
ashley|lei
ashley|leigh
asia|azie
aston|ashton
astra|asta
astrid|atti
atalanta|addi
atalanta|addie
atalanta|atlee
atalanta|atti
atalanta|attie
audrey|aud
audrey|audie
augusta|aggy
augusta|gussie
augusta|gusta
augustina|aggy
augustina|tina
augustine|gus
augustus|augie
augustus|august
augustus|augustine
augustus|gus
aurora|ora
aurora|ori
aurora|orie
aurora|rora
austin|aus
austin|aust
baby|babe
barbara|bab
barbara|babb
barbara|babette
barbara|babs
barbara|babsie
barbara|bairbe
barbara|barb
barbara|barba
barbara|barbe
barbara|barbee
barbara|barbi
barbara|barbie
barbara|bebe
barbara|bibi
barbara|bobbi
barbara|bobbie
barnabas|barney
barnard|barney
barnard|barnie
barnard|barny
barnard|birney
barrett|bar
barrett|barrie
barry|barr
bartholomew|bart
bartholomew|barth
bartholomew|bartie
bartholomew|bat
beatrice|bea
beatrice|beattie
beatrice|beatty
beatrice|bebe
beatrice|bee
beatrice|bibi
beatrice|trice
beatrice|trixie
bedelia|biddy
begay|begaye
belicia|beli
belicia|belia
belinda|bel
belinda|belle
belinda|linda
bella|bell
benedicta|benea
benedicta|benna
benedicta|benni
benedicta|binney
benedict|ben
benedict|benne
benedict|benney
benedict|benni
benedict|bennie
benedict|benny
benita|neeta
benjamin|ben
benjamin|beng
benjamin|bengi
benjamin|bengie
benjamin|bengt
benjamin|bengy
benjamin|beni
benjamin|benj
benjamin|benja
benjamin|benje
benjamin|benji
benjamin|benjie
benjamin|benjy
benjamin|benn
benjamin|benne
benjamin|benney
benjamin|benni
benjamin|bennie
benjamin|benny
benjamin|bin
benjamin|binny
benjamin|jamey
benjamin|jamie
benjamin|jamy
benjamin|mincho
berlynn|berla
bernadette|bera
bernadette|berna
bernadette|berni
bernadette|bernie
bernadine|berni
bernard|barney
bernard|barnie
bernard|barny
bernard|bear
bernard|ber
bernard|bern
bernard|berne
bernard|bernie
bernard|bernnie
bernard|berny
bernard|burne
bernard|burney
bernard|burnie
bernice|bea
bernice|berni
bernice|bernie
bernice|berniee
bernice|nicie
bertha|bea
bertha|berta
bertha|berte
bertha|bertee
bertha|berth
bertha|berthe
bertha|berthy
bertha|berti
bertha|bertie
bertha|berttie
bertha|bertty
bertha|berty
bertha|birdie
bertina|berti
berton|bert
bertram|bert
bertram|bertie
bertram|burt
beryl|berri
beryl|berrie
beryl|berry
bethany|beth
betty|bettye
beverly|bev
beverly|beve
beverly|bevie
beverly|bevvy
beverly|bevy
beverly|verly
bianca|blinnie
birdie|bird
birdie|byrd
bly|blye
bobby|bobbye
bonita|boni
bonita|bonie
bonita|bonne
bonita|bonnee
bonita|bonney
bonita|bonni
bonita|bonnie
bonita|bonny
bonita|bonnye
bradford|brad
bradley|brad
bradley|bradd
bradley|braddie
bradley|braddy
bradley|brade
bradley|bradey
brandon|brand
brandon|brando
brandon|brann
brandon|branny
brandy|brand
brandy|brann
breann|bree
brenda|bren
brenda|brena
brenda|brend
brenda|brendi
brenna|bren
brianna|bria
brianne|bryn
brianne|brynn
brianne|brynne
brian|bri
brian|bry
brian|brya
brian|rian
brian|ryan
bridget|beret
bridget|biddy
bridget|bride
bridget|bridey
bridget|gitta
brina|brinn
brina|bryn
britani|brit
brita|brit
brittany|annie
brittany|anny
brittany|brit
brittany|britt
brittany|britta
brittany|brittai
brittany|britte
brittany|brittie
broderick|brody
broderick|ricky
broderick|rod
bronson|bron
bronson|bronnie
bronson|bronny
bronwyn|bron
bronwyn|bronia
bronwyn|bronney
bronwyn|bronnie
bronwyn|bronny
bruce|bru
bruce|brucey
bruce|brucy
bruce|brue
brumback|brumbach
brunhilda|hilda
buddy|bud
burton|burt
bushman|buschman
caitlin|caeley
caitlin|cayley
calandra|caelan
calandra|cailan
calandra|calan
calandra|caylan
calandra|kalan
caleb|cale
callie|cal
callista|callie
calvin|cal
calvin|calv
calvin|calvi
calvin|calvo
calypso|cally
calypso|caly
calypso|lypsie
calypso|lypsy
cambria|cambie
cameron|cam
camile|cammie
camille|cami
candace|cace
candace|canda
candace|candi
candace|candy
candace|kandi
candace|kandy
candice|candi
candida|candi
candida|candia
carina|carin
carina|carine
carina|caryn
carlos|carl
carlos|carlo
carlton|carl
carly|carlye
carmela|carmi
carmela|carmie
carmela|leeta
carmela|lita
carmela|melita
carmen|carme
carmen|carmi
carmen|carmie
carney|car
carolann|carol
carole|carrie
caroline|carey
caroline|carol
caroline|carole
caroline|carrie
caroline|carry
caroline|cary
caroline|cassie
caroline|lynn
carolyn|carol
carolyn|carrie
carolyn|carry
carolyn|lyn
carolyn|lynn
carol|carrie
carol|carro
carroll|cary
cassandra|cass
cassandra|cassie
cassandra|sandra
cassandra|sandy
cassidy|cass
cassidy|cassey
cassidy|cassie
catherine|cassie
catherine|cath
catherine|cathay
catherine|cathe
catherine|cathee
catherine|cathey
catherine|cathi
catherine|cathie
catherine|cathy
catherine|cathye
catherine|kate
catherine|katie
cathleen|cassie
cathleen|cathi
cathleen|cathy
cathleen|lena
cecelia|cece
cecelia|cee
cecelia|ceil
cecelia|ceila
cecelia|celia
cecelia|cissy
cecelia|selia
cecelia|sheila
cecelia|sile
cecelia|sissy
cedric|cad
cedric|ced
cerise|cherise
chardonnay|char
chardonnay|chardae
chardonnay|chardon
charla|char
charlene|charl
charlene|charla
charlene|charlae
charlene|charlay
charlene|charlaye
charlene|charle
charlene|charlee
charlene|charlei
charlene|charley
charles|carl
charles|charley
charles|charli
charles|charlie
charles|charly
charles|charlye
charles|chas
charles|chuck
charles|chuckie
charles|chucky
charles|chuk
charles|chuki
charles|chuks
charlotte|carly
charlotte|char
charlotte|charl
charlotte|charle
charlotte|charli
charlotte|charlie
charlotte|charlo
charlotte|charly
charlotte|charo
charlotte|charr
charlotte|charra
charlotte|charri
charlotte|charrie
charlotte|lotta
charlotte|lotte
charlotte|lotti
charlotte|lottie
charlotte|lotty
charlotte|tottie
chasity|chassie
cherilyn|cher
cheryl|char
cheryl|chere
cheryl|cheree
cheryl|cheri
cheryl|cherie
cheryl|cherre
cheryl|cherri
cheryl|cherrie
cheryl|cherry
cheryl|cherrye
cheryl|chery
cheryl|shar
cheryl|sheri
cheryl|sherrie
cheryl|sherry
chester|ches
chester|chet
cheyenne|chey
cheyenne|chi
cheyenne|chie
chiquita|chickie
chiquita|chicky
chloe|clo
chrintina|crissy
chrintine|crissy
christa|chris
christian|chris
christian|cris
christian|crist
christina|chris
christina|chrissie
christina|christee
christina|christey
christina|christi
christina|christie
christina|cristie
christina|cristy
christina|kristi
christina|kristie
christina|kristy
christina|tina
christine|chris
christine|chrissy
christine|christee
christine|christey
christine|christi
christine|christie
christine|christy
christine|chrisy
christine|chrys
christine|chrysti
christine|chrystie
christine|cris
christine|crisey
christine|criss
christine|crissie
christine|crissy
christine|cristi
christine|cristie
christine|cristy
christopher|chris
christopher|chriss
christopher|christos
christopher|kester
christopher|kit
christopher|kriss
christopher|kristof
christopher|kristofer
christopher|kristopher
christopher|risto
christopher|tobal
christopher|toph
christopher|topher
cinderlla|cindy
clara|clar
clarence|clare
clarence|lar
clarence|larry
clarence|skip
clarence|skippy
clarissa|clara
claudia|claud
claudia|claudi
claudia|claudie
clement|clem
clement|menz
cleopatra|cleo
cletus|clete
cleveland|cleave
cleveland|clevey
cleveland|clevie
cleveland|clevon
cleveland|leland
clifford|clif
clifford|cliff
clifford|cliffe
clifford|cliffer
clifford|cliffie
clifford|clift
clifton|cliff
clifton|clift
clinton|clint
clyde|cly
coca|cocca
coco|cocco
colby|cobi
colette|coe
colin|cole
colleen|callie
colleen|colee
colleen|coli
colleen|collee
colleen|collie
colleen|collye
conchita|chita
conchita|concha
connie|con
conrad|connie
conrad|cort
constance|coni
constance|conie
constance|conne
constance|connee
constance|conni
constance|connie
constance|connielee
constance|conny
constance|constanc
constance|cony
constance|conzy
constancia|connie
constantine|connie
constantine|constant
constantine|costa
corbett|corby
cordell|cord
cordell|cordie
cornelia|cornie
cornelia|corny
cornelius|conny
cornelius|corney
cornelius|cornie
cornelius|neil
cornelius|nelius
cornelius|nellie
cosmo|cos
courtney|cori
coy|coye
crystal|chris
crystal|cris
crystal|crys
crystal|crysta
crystal|crysti
crystal|krista
crystal|krysta
curtis|curt
curtis|curte
curtis|kurt
cynthia|cind
cynthia|cinde
cynthia|cindee
cynthia|cindey
cynthia|cindi
cynthia|cindie
cynthia|cindy
cynthia|cyn
cynthia|cynde
cynthia|cyndee
cynthia|cyndey
cynthia|cyndi
cynthia|cyndie
cynthia|cyndy
cynthia|cynthy
cyrus|cy
dakota|dac
dakota|dack
dakota|dak
dallas|dal
dallas|dall
dalton|dal
dalton|dalt
damica|damie
damita|damee
dana|dane
danielle|dannie
danielle|danny
daniel|dan
daniel|dani
daniel|danie
daniel|danne
daniel|danney
daniel|danni
daniel|dannie
daniel|dannny
daniel|danny
daniel|dannye
daniel|dany
daniel|danye
daniel|danyi
daniel|nilo
dante|dant
darby|darb
darcy|dar
daria|dari
darius|dare
darlene|dar
darlene|dara
darlene|darla
darlene|darlie
darlene|darly
darlene|darra
darlene|lena
darren|dare
david|dave
david|davey
david|davi
david|davie
david|davy
dawn|dawnie
dawn|dawny
day|daye
deangelo|dang
deanna|de
deanna|dea
deanne|dea
dean|deano
dean|dino
dean|dinos
deborah|deb
deborah|debb
deborah|debbe
deborah|debbi
deborah|debbie
deborah|debby
deborah|debbye
deborah|debe
deborah|debi
deborah|debie
deborah|debo
deborah|debs
deborah|deby
debra|deb
debra|deba
debra|debah
debra|debbie
debra|debr
deirdre|dee
deirdre|didi
delaney|del
delaney|dell
delbert|bert
delbert|del
delbert|dell
della|del
della|dell
delores|dee
delores|del
delores|della
delores|delsie
deloy|deloye
delphine|delpha
delphine|delphe
delphine|delphi
denise|dene
denise|denee
denise|deney
denise|deni
denise|denie
denise|denni
denise|dennie
denise|denny
denise|dinnie
denise|dinny
denise|nisse
denise|nissey
dennison|dennis
dennis|den
dennis|denn
dennis|denne
dennis|denney
dennis|denni
dennis|dennie
dennis|denny
dennis|deno
derek|dere
derek|deree
derek|derk
derek|derr
derek|derrie
derek|derry
derek|eric
derek|rick
derek|ricky
derick|rick
derick|ricky
desiree|desi
desiree|dessa
desiree|dessie
desmond|des
desmond|desi
destiny|desta
destiny|destin
destiny|desty
devin|dev
devin|devy
dexter|decca
dexter|deck
dexter|decka
dexter|dekka
dexter|dex
diana|ana
diana|di
diana|dy
diane|ann
diane|di
diane|dy
dillon|dil
dillon|dill
dillon|dillie
dillon|dilly
dionne|dion
dixie|dix
dolly|dol
dolly|doll
dolores|dee
dolores|do
domenic|dom
dominico|dom
dominic|deco
dominic|dom
dominic|dominy
dominic|nick
donalda|doni
donald|don
donald|donee
donald|doney
donald|doni
donald|donie
donald|donn
donald|donnay
donald|donne
donald|donnee
donald|donney
donald|donni
donald|donnie
donald|donny
donald|donnye
donato|don
dora|dor
doreen|dora
doreen|dorie
doria|dori
doris|dor
doris|dora
doris|dorri
doris|dorrie
doris|dorry
doris|dorsie
doris|dot
doris|dottie
doris|dotty
dorothy|do
dorothy|doa
dorothy|doddie
dorothy|dodi
dorothy|dodie
dorothy|doe
dorothy|dollie
dorothy|dolly
dorothy|dora
dorothy|dori
dorothy|dosi
dorothy|dosy
dorothy|dot
dorothy|dott
dorothy|dotta
dorothy|dotte
dorothy|dotti
dorothy|dottie
dorothy|dotty
dorothy|dottye
dorothy|doty
dottie|dot
douglas|dou
douglas|doug
douglas|douge
drey|drye
drusilla|drusi
dry|drye
dudley|dudd
dulcinea|dulcie
dustine|dustee
dustine|dusti
dustine|dustie
dustine|dusty
dustin|dust
dustin|dustie
dustin|dusty
dy|dye
edgar|ed
edgar|eddie
edgar|eddy
edith|eddy
edith|ede
edith|edee
edith|edi
edith|edie
edith|edy
edith|edye
edith|ettie
edmond|ed
edmond|eddie
edmond|eddy
edmund|ed
edmund|eddie
edmund|eddy
edna|ettie
eduardo|ed
eduardo|eddie
eduardo|eddy
edward|ed
edward|edd
edward|edde
edward|eddey
edward|eddi
edward|eddie
edward|eddy
edward|eddye
edward|eddys
edward|edie
edward|edo
edward|edw
edward|edwa
edward|edy
edward|ned
edward|ted
edward|teddie
edward|teddy
edward|tedy
edward|theo
edward|ward
edwina|eddy
edwin|ed
edwin|eddie
edwin|eddy
edwin|edwi
edwin|ted
edwin|teddy
edythe|eddie
edythe|edie
edythe|edye
edythe|ettie
edyth|edie
edyth|edye
eileen|ailey
eileen|aili
eileen|ailie
eileen|aily
eileen|allee
eileen|ei
eileen|eil
eileen|eila
eileen|eilee
eileen|eily
eileen|ilea
eileen|ilee
elaine|el
elaine|elain
elaine|ell
elaine|ellie
elaine|elly
elaine|lainey
elaine|lainie
elaine|laney
elaine|lani
elaine|lanie
elbert|bert
elbert|elbie
eldora|dora
eldridge|el
eleanor|elaine
eleanor|ele
eleanor|elea
eleanor|ellen
eleanor|ellie
eleanor|elly
eleanor|nora
elfrida|elfie
elias|lee
elinor|ellie
elinor|elly
elisa|lisa
elise|liese
elise|lissie
elisha|lisha
elita|litia
elizabeth|besie
elizabeth|bess
elizabeth|besse
elizabeth|bessi
elizabeth|bessie
elizabeth|besssie
elizabeth|bessy
elizabeth|bessye
elizabeth|besy
elizabeth|bet
elizabeth|beta
elizabeth|beth
elizabeth|bethe
elizabeth|bethsy
elizabeth|bethy
elizabeth|beti
elizabeth|betsey
elizabeth|betsi
elizabeth|betsie
elizabeth|betsy
elizabeth|betsye
elizabeth|bett
elizabeth|bette
elizabeth|bettee
elizabeth|bettey
elizabeth|betti
elizabeth|bettie
elizabeth|bettsy
elizabeth|betty
elizabeth|bettye
elizabeth|bety
elizabeth|betzi
elizabeth|betzy
elizabeth|eliza
elizabeth|elle
elizabeth|libbie
elizabeth|libby
elizabeth|lisa
elizabeth|liz
elizabeth|liza
elizabeth|lizzie
eliza|elzie
ellen|el
ellen|ella
ellen|elle
ellen|elley
ellen|elli
ellen|ellie
ellen|elly
ellis|eli
elmer|elmo
elsa|ellie
elsa|elsie
elsa|elzie
elvin|el
elwood|woody
emanuel|eman
emanuel|emek
emanuel|maco
emanuel|mango
emanuel|mannie
emanuel|manny
emeline|emily
emeline|emma
emily|emi
emily|emie
emily|emma
emily|emme
emily|emmi
emily|emmie
emily|emmy
emily|emy
emma|ema
emma|emm
emma|emmi
emma|emmie
emma|emmy
emmett|em
emmett|emmy
eric|ric
eric|ricc
eric|riccie
eric|riccy
eric|rici
eric|ricie
eric|rick
eric|ricy
erin|errie
ernestine|erna
ernestine|ernie
ernest|earn
ernest|earnie
ernest|erne
ernest|erney
ernest|erni
ernest|ernie
ernest|ernny
ernest|erno
ernest|erns
ernest|ernso
ernest|erny
ervine|erv
erwin|erv
esmeralda|esme
estella|stella
estelle|essie
estelle|estee
ester|esther
esther|es
esther|essie
esther|esth
esther|estha
esther|esthe
esther|esti
esther|estie
esther|esty
esther|etta
esther|ettie
esther|etty
esther|hettie
esther|hetty
ethan|ethe
ethel|eth
ethel|etha
ethel|ethe
ethel|ethie
eugene|ege
eugene|eug
eugene|euge
eugene|eui
eugene|gene
eunice|euna
eunice|eunie
evangelina|eva
evan|ev
evelyn|avi
evelyn|avia
evelyn|avie
evelyn|ev
evelyn|eva
evelyn|eve
evelyn|evea
evelyn|evee
evelyn|evi
evelyn|evie
evelyn|evvie
evelyn|evy
everett|ev
ezekiel|ezeck
ezekiel|zech
ezekiel|zeke
fabian|fabe
fabian|fabi
faith|fay
fanny|fan
farley|far
fay|faye
felix|fee
ferdinand|ferd
ferdinand|ferda
ferdinand|ferdie
ferdinand|ferdy
ferdinand|fred
ferdinand|freddie
ferdinand|freddy
ferdinand|nando
fernanda|andee
fernanda|ferdie
fernanda|fern
fernanda|nanda
fifer|pfifer
fitzgerald|fitch
fitzgerald|fits
fitzgerald|fitz
fitzgerald|gerald
flannery|flan
florence|flo
florence|floe
florence|floie
florence|flor
florence|flora
florence|floree
florence|florie
florence|florrie
florence|flossie
flossie|floss
foy|foye
frances|fanny
frances|fran
frances|france
frances|franci
frances|francia
frances|francie
frances|francy
frances|francye
frances|frani
frances|frankie
frances|frann
frances|franne
frances|franni
frances|frannie
frances|franny
frances|frany
francheska|cheka
francine|fannie
francine|fran
francine|francie
francine|frannie
francine|franny
francis|fannie
francis|fanny
francis|fran
francis|france
francis|francie
francis|francy
francis|frang
francis|frank
francis|frankie
francis|frannie
francis|franny
franklin|fran
franklin|frank
franklin|frankie
frank|francky
frank|franke
frank|frankee
frank|frankey
frank|franki
frank|frankie
frank|franky
frank|frankye
frederica|freda
frederica|freida
frederica|fritzi
frederica|rike
fredericka|ferda
fredericka|freda
fredericka|ricka
frederick|ferd
frederick|fready
frederick|fred
frederick|freddi
frederick|freddie
frederick|freddy
frederick|frede
frederick|fredi
frederick|fredie
frederick|fredy
frederick|freidy
frederick|fritz
frederick|rick
frederick|ricky
frederika|fredie
fredrick|fred
fredrick|freddy
fred|frady
fred|freadie
fred|frede
fred|fredi
fred|fredie
fred|fredy
fred|freidy
frieda|fred
frieda|freddie
frieda|freddy
frommer|pfrommer
fry|frye
gabriela|gab
gabriella|ella
gabriella|gab
gabriella|gabbie
gabriella|gabby
gabriella|gabrielle
gabriella|gaby
gabrielle|gabby
gabrielle|gaby
gabriel|gab
gabriel|gabby
gabriel|gabe
gabriel|gabys
gabriel|riel
garrett|gar
garvey|garv
garvin|gar
gary|gar
gavin|gav
gay|gaye
gemma|gem
gena|gen
geneen|gen
geneva|geena
geneva|gen
geneva|gena
genevieve|eve
genevieve|gen
genevieve|gena
genevieve|genie
genevieve|gennie
genevieve|genny
genevieve|jean
genevieve|jenny
genna|gen
geoffrey|geoff
geoffrey|jeff
george|geo
george|geogey
george|georgie
george|georgy
georgia|georgi
georgia|georgie
georgine|george
geovanni|geovan
geraldine|gere
geraldine|geree
geraldine|geri
geraldine|gerri
geraldine|gerrie
geraldine|gerry
geraldine|gery
geraldine|jeree
geraldine|jerri
geraldine|jerry
gerald|garrie
gerald|garry
gerald|gary
gerald|ger
gerald|gerry
gerald|jer
gerald|jere
gerald|jerry
gerard|gerd
gerard|gerry
gertrude|gerda
gertrude|gert
gertrude|gerta
gertrude|gertey
gertrude|gerthie
gertrude|gerthy
gertrude|gerti
gertrude|gertie
gertrude|gerty
gertrude|girtie
gertrude|trudi
gertrude|trudie
gertrude|trudy
gilberte|gigi
gilberte|gill
gilbert|bert
gilbert|gib
gilbert|gil
gilbert|gill
gilbert|wilber
gilda|gildi
gilda|gildie
gilda|gildy
gillian|gili
gillian|gill
gillian|gillie
gillian|lian
gina|gin
gina|gini
ginger|gin
ginger|gini
ginny|gin
giovanni|gian
giovanni|gianni
gladys|glad
gladys|gladie
gladys|glady
glenna|glenn
glenn|glen
glenn|glennie
glenn|lennie
glenn|lenny
gloria|glo
gloria|glor
gloria|glori
gloria|glorie
golda|goldi
golda|goldy
gordon|gord
gordon|gordie
gordon|gordo
gordon|gordy
grace|gracee
grace|gracey
grace|graci
grace|gracie
grace|gracy
grace|gracye
gregory|gre
gregory|greg
gregory|gregg
gregory|greig
gregory|grieg
grey|greye
griffin|griff
griffin|griffie
griffin|griffy
griffith|griff
griffith|griffie
guinevere|genn
guinevere|guinna
guinevere|gwen
gunther|gun
gussie|gus
gustav|gus
gustav|guss
gustav|gussie
gustav|gusty
gustav|tabo
gustav|tavo
guy|guye
gwendolyn|gwen
gwendolyn|gwenda
gwendolyn|wendy
gwyneth|gwyn
hadley|had
hadley|lee
hadley|leigh
hamlin|lin
hannah|ann
hannah|anna
hannah|hanna
hannah|hanne
hannah|hanney
hannah|hannh
hannah|hanni
hannah|hannie
hannah|hanny
harold|hal
harold|harr
harold|harri
harold|harrie
harold|harry
harold|herr
harriet|harri
harriet|harrie
harriet|hattie
harriet|hattye
harrison|harris
harrison|harry
harrison|henry
harvey|harv
hay|haye
hector|hec
hee|heye
helen|hel
helen|heli
helen|helia
helen|heliana
helen|hella
helen|helle
henrietta|etta
henrietta|hattie
henrietta|hatty
henrietta|henia
henrietta|henka
henrietta|henna
henrietta|henny
henrietta|henya
henrietta|hetta
henrietta|hetti
henrietta|hettie
henrietta|hetty
henry|hal
henry|hank
henry|harry
herbert|bert
herbert|berty
herbert|heber
herbert|herb
herbert|herbe
herbert|herber
herbert|herbey
herbert|herbi
herbert|herbie
herbert|herby
herbert|huey
herbert|hughey
herbert|hughie
herbert|hughy
herman|herm
herman|hermie
hester|hetty
hey|heye
hilda|hild
hilda|hilde
hilda|hildi
hilda|hildie
hilda|hildy
hildegarde|hilda
hipsbibah|hipsie
honora|honey
honora|honner
honora|honnor
howard|how
howard|howe
howard|howie
hoy|hoye
hubert|bert
hubert|hubie
hubert|hugh
hugh|huey
humphrey|hum
humphrey|hump
hunter|hunt
huntley|hunt
hyman|hy
hy|hye
ignatius|iggy
iliana|ili
iliana|ilia
imelda|melda
irene|ire
irene|iree
irene|iri
irene|rena
irene|rene
irene|rennie
irina|irin
irina|rina
irving|ervy
irving|irv
isaac|ike
isaac|ikey
isaac|ikie
isaac|izzy
isabella|bella
isabella|isa
isabella|issi
isabella|issie
isabella|issy
isabella|iza
isabelle|belle
isabelle|issy
isabel|belle
isabel|isa
isabel|issy
isadora|dora
isadora|issy
isadore|izzy
isaiah|isa
israel|izzy
ivette|ivey
jack|jackie
jacobi|coby
jacob|jac
jacob|jackie
jacob|jaco
jacob|jae
jacob|jake
jacob|jakee
jacob|jakey
jacob|jakie
jacob|jay
jacob|jeks
jacob|jim
jacqueline|jacci
jacqueline|jaccie
jacqueline|jaci
jacqueline|jacke
jacqueline|jackee
jacqueline|jackey
jacqueline|jacki
jacqueline|jackie
jacqueline|jackki
jacqueline|jacky
jacqueline|jackye
jacqueline|jacqu
jacqueline|jacque
jacqueline|jacquee
jacqueline|jacqui
jacqueline|jacquie
jacqueline|jaqui
jacqueline|jaquie
jacquelyn|jackie
jacquelyn|jacky
jamal|jam
james|jamey
james|jami
james|jamie
james|jammie
james|jammy
james|jamy
james|jamye
james|jas
james|jim
james|jimbo
james|jime
james|jimi
james|jimie
james|jimm
james|jimme
james|jimmee
james|jimmey
james|jimmi
james|jimmie
james|jimmmie
james|jimmmy
james|jimmy
james|jimmye
james|jimy
james|jimye
janet|jan
janet|jann
janet|janna
janet|janney
janet|janni
janet|jannie
janet|janny
jane|jainy
jane|janee
jane|janey
jane|janie
jane|jayni
jane|jaynie
janice|jan
janice|janie
janice|jannie
janice|janye
jarita|jara
jarita|jari
jasmine|jasme
jasmine|jasmea
jasmine|jasmi
jasmine|jasmie
jasmine|jassy
jasmine|jazmi
jasmine|jazzmie
jasmine|jazzy
jason|jass
jason|jay
jaspreet|jas
jay|jaye
jeanette|gene
jeanette|genie
jeanette|jean
jeanette|jeane
jeanette|jeanne
jeanette|jeannie
jeanette|nette
jeanette|nettie
jean|jeane
jean|jeanee
jean|jeaney
jean|jeanhee
jean|jeani
jean|jeanie
jean|jeannee
jean|jeannie
jean|jeanny
jean|jeany
jean|joan
jebadiah|jeb
jefferson|jeff
jeffrey|geff
jeffrey|geof
jeffrey|geoff
jeffrey|geoffrey
jeffrey|jef
jeffrey|jeff
jeffrey|jeffe
jeffrey|jeffey
jeffrey|jeffi
jeffrey|jeffie
jeffrey|jeffy
jemima|jem
jemima|jemma
jemima|jemmia
jemima|jemmie
jemima|jemmy
jemma|jem
jenilee|jenelee
jenna|jen
jennifer|gena
jennifer|genna
jennifer|genne
jennifer|genni
jennifer|gennie
jennifer|genny
jennifer|geny
jennifer|ginny
jennifer|jen
jennifer|jena
jennifer|jeney
jennifer|jeni
jennifer|jenia
jennifer|jenie
jennifer|jenn
jennifer|jenna
jennifer|jennae
jennifer|jennay
jennifer|jenne
jennifer|jennea
jennifer|jennee
jennifer|jenni
jennifer|jennie
jennifer|jenny
jennifer|jennye
jeremiah|jerry
jeremy|ger
jeremy|gere
jeremy|gerrie
jeremy|gerry
jeremy|jer
jeremy|jere
jeremy|jerrie
jeremy|jerry
jerold|jerry
jerome|jeromie
jerome|jerry
jerome|jery
jesse|jess
jesse|jessee
jesse|jessey
jesse|jessy
jessica|jes
jessica|jese
jessica|jesi
jessica|jesie
jessica|jess
jessica|jessa
jessica|jesse
jessica|jessee
jessica|jessey
jessica|jessi
jessica|jessie
jessica|jessy
jessica|jessye
jesus|jessie
jesus|jesu
jesus|jesy
jevette|jetta
jezebel|jez
jezebel|jezel
jezebel|jezell
jezebel|jezelle
jillian|gilla
jillian|gilli
jillian|gilly
jillian|jill
jillian|jilly
jill|jilly
jinny|jin
joanna|jo
joanne|jo
joann|jo
joan|jean
joan|jo
joan|joa
joan|joane
joan|joani
joan|joanie
joan|joanny
joan|joany
joan|jonae
joan|jonaee
joan|jonie
jocelyn|joci
jocelyn|jocia
joel|joe
johannah|hannah
johannah|jo
johanna|jo
johann|john
johna|johnee
johna|johni
johna|johnnae
johna|johnnay
john|jac
john|jack
john|johhnie
john|johhny
john|johnay
john|johne
john|johney
john|johnie
john|johnne
john|johnney
john|johnni
john|johnnie
john|johnnny
john|johnny
john|johnnye
john|johny
jolanda|jola
jolanda|jolan
jolene|jo
jolene|jole
jolene|jolee
jolene|joley
jonathan|john
jonathan|jon
jonathan|nathan
jon|jonne
jon|jonney
jon|jonni
jon|jonnie
jon|jonny
jon|jonnye
jon|jony
jordan|dan
jordan|geordi
jordan|geordie
jordan|geordy
jordan|jor
jordan|jord
jordan|jordee
jordan|jordey
jordan|jordi
jordan|jordie
jordan|jordy
josephina|fina
josephina|joeei
josephina|joie
josephina|joii
josephina|joise
josephina|joisy
josephine|josie
joseph|j0e
joseph|jody
joseph|joe
joseph|joei
joseph|joes
joseph|joey
joseph|joie
joseph|jojo
joseph|jose
joseph|josey
joseph|peppe
joseph|pino
jose|jos
jose|josa
jose|josee
jose|josse
joshua|joe
joshua|josh
joshua|joshi
joshua|joss
joshua|jossie
joshua|josy
josophine|jo
josophine|joey
josophine|josey
jossalin|jossie
jovanna|jovann
joyce|joy
joy|joye
juana|joney
juana|joni
juana|jonie
juana|jonnae
juana|jonnay
juanita|juana
juanita|juani
juanita|nita
juan|jua
juan|juane
juan|juanny
judith|juddie
judith|juddy
judith|juddye
judith|jude
judith|judee
judith|judi
judith|judie
judith|judy
judith|judye
julian|jule
julian|jules
julia|juli
julia|julie
julie|jul
justine|juste
justine|justi
justine|justie
justine|justy
justin|just
justin|justi
justin|justie
kaitlyn|katey
kaitlyn|katly
kamilah|kami
karen|karey
karen|kari
karen|kariny
karen|karri
karen|karrie
karen|kary
karen|keri
karen|kerri
karin|karey
karin|kari
karin|kariny
karin|karri
karin|karrie
karin|kary
karin|keri
karin|kerrie
karty|kartye
karyn|karey
karyn|kari
karyn|kariny
karyn|karri
karyn|karrie
karyn|kary
karyn|keri
karyn|kerrie
kassandra|kassi
kassandra|kassie
katelin|kate
katelin|kay
katelin|kaye
katelyn|kate
katelyn|kay
katelyn|kaye
katherine|cai
katherine|cait
katherine|calina
katherine|cata
katherine|cath
katherine|cathy
katherine|catina
katherine|catocha
katherine|catuca
katherine|catucha
katherine|ceit
katherine|kaatje
katherine|kaethe
katherine|kahtia
katherine|kai
katherine|kait
katherine|kaite
katherine|kaithi
katherine|kaity
katherine|kajsa
katherine|kasia
katherine|kasienka
katherine|kasin
katherine|kaska
katherine|kassie
katherine|kata
katherine|kataya
katherine|kate
katherine|katee
katherine|kateena
katherine|kateera
katherine|katey
katherine|kath
katherine|kathe
katherine|kathee
katherine|kather
katherine|katheri
katherine|kathey
katherine|kathi
katherine|kathia
katherine|kathie
katherine|kathiee
katherine|kathr
katherine|kathry
katherine|kathy
katherine|kathye
katherine|kati
katherine|katia
katherine|katica
katherine|katie
katherine|katri
katherine|katria
katherine|kattery
katherine|katti
katherine|kattia
katherine|kattie
katherine|katty
katherine|katy
katherine|katya
katherine|katyana
katherine|katye
katherine|kay
katherine|kaya
katherine|kayah
katherine|kaye
katherine|keita
katherine|keti
katherine|kitty
katherine|rina
katherine|trina
katherine|trine
katherine|triona
katherine|tryn
kathleen|cath
kathleen|kat
kathleen|kata
kathleen|kate
kathleen|katey
kathleen|kath
kathleen|katha
kathleen|kathel
kathleen|kathey
kathleen|kathi
kathleen|kathie
kathleen|kathiee
kathleen|kathl
kathleen|kathle
kathleen|kathlee
kathleen|kathy
kathleen|kati
kathleen|katie
kathleen|katti
kathleen|kattie
kathleen|katy
kathleen|katye
kathleen|kay
kathleen|kaye
kathleen|kitti
kathleen|kittie
kathleen|kitty
kathleen|kittye
kathleen|lena
kathryn|kathy
kay|kaye
kee|keye
kelly|kellye
kenan|ken
kenan|kenn
kenard|kenar
kendall|ken
kendall|kend
kendall|kenda
kendall|kendo
kendall|kendoa
kendall|keni
kendall|kenn
kendall|kenne
kendall|kenney
kendall|kenni
kendall|kennie
kendall|kenny
kendal|ken
kendal|kend
kendal|kenda
kendal|kendo
kendal|kendoa
kendal|kene
kendal|kenee
kendal|keni
kendal|kenn
kendal|kenne
kendal|kenney
kendal|kenni
kendal|kenny
kendell|ken
kendell|kenda
kendell|kendo
kendell|kendoa
kendell|kene
kendell|kenee
kendell|keni
kendell|kenn
kendell|kenne
kendell|kenney
kendell|kenni
kendell|kenny
kendra|kendr
kendrick|ken
kendrick|kene
kendrick|keni
kenia|keni
kenisha|kennys
kenisha|kesha
kenisha|kiesha
kennard|ken
kennard|kenee
kennard|kenni
kennard|kennie
kennard|kenny
kennedy|kena
kennedy|kendy
kennedy|kenee
kennedy|kenna
kenneth|ken
kenneth|kenae
kenneth|kenagh
kenneth|kenai
kenneth|kene
kenneth|kenea
kenneth|kenee
kenneth|keni
kenneth|kenn
kenneth|kenne
kenneth|kenney
kenneth|kenni
kenneth|kennie
kenneth|kenny
kenneth|kennye
kenneth|kenye
kenton|kent
kent|ken
kent|kenti
kessie|kess
kevin|kev
kevin|keve
kevin|kevi
kevin|kevie
kevin|kevy
key|keye
keziah|kissie
keziah|kizzie
keziah|kizzy
kieran|kern
kimball|kim
kimberley|kim
kimberly|kim
kimberly|kimb
kimberly|kimbe
kimberly|kimbi
kimberly|kimi
kimberly|kimie
kimberly|kimm
kimberly|kimmay
kimberly|kimme
kimberly|kimmee
kimberly|kimmer
kimberly|kimmey
kimberly|kimmi
kimberly|kimmie
kimberly|kimmy
kimberly|kimy
kimberly|kym
kimberly|kymber
kimberly|kyme
kimberly|kymm
kimberly|kymme
kirsten|kirsty
kitty|kit
korina|kori
kristen|chris
kristina|kristie
kristine|kristi
kristine|kristie
kristine|kristy
kristin|chris
kristin|kris
kristin|kristy
kristy|chris
krystal|kristi
krystal|kristy
kyle|ky
kyle|kye
ky|kye
lambert|bert
lamont|monty
larry|larr
latisha|tish
latisha|tisha
laura|laua
laura|laur
laura|laurelle
laura|lauri
laura|lolly
laura|lori
laura|lorie
laurence|lanny
laurence|larry
laurence|lauren
laurence|rance
lauren|laur
laurie|laur
lawrence|chencho
lawrence|lannie
lawrence|lanny
lawrence|lari
lawrence|larie
lawrence|larre
lawrence|larrey
lawrence|larri
lawrence|larrie
lawrence|larrry
lawrence|larry
lawrence|lary
lawrence|laryy
lawrence|laurie
lawrence|lawre
lawrence|lencho
lawrence|lenci
lawrence|renzo
lay|laye
leah|lee
leilani|lani
leilani|lei
leland|lee
leland|leigh
lenora|nora
leonard|len
leonard|lenn
leonard|lennie
leonard|lenny
leonard|leo
leonard|leon
leonard|leonie
leon|lenny
leo|lee
leroy|lee
leroy|leigh
leroy|roi
leroy|roy
leshawn|shawn
lester|les
lester|lessie
leticia|leisha
leticia|leshia
leticia|let
leticia|leta
leticia|letha
leticia|lethia
leticia|letty
levi|lev
lewis|lew
lewis|lewie
lewis|lewy
lewis|lou
lewis|louie
lewis|luey
libby|lib
lilith|lilly
lilith|lily
lillian|lil
lillian|lili
lillian|lillie
lillian|lilly
lillian|lily
lillian|lis
lily|lil
linabel|lin
linada|lin
linae|lin
linaida|lin
linaloy|lin
linal|lin
linann|lin
linaya|lin
linda|lin
linda|lind
linda|linde
linda|lindee
linda|lindey
linda|lindi
linda|lindia
linda|lindida
linda|lindie
linda|lindy
linda|line
linda|linee
linda|lini
linda|linn
linda|linne
linda|linnie
linda|linny
linda|liny
linda|lyde
linda|lydi
linda|lydie
linda|lynd
linda|mallie
lindell|lin
lindell|linde
lindsay|lindy
lindsay|lins
lindsay|lyndy
lindsay|lyndye
lindsey|lindy
lindsey|lins
lindsey|lyndy
lindsey|lyndye
lindsi|lin
linear|lin
linell|lin
linette|lin
linnea|linn
linn|linee
linn|lini
linn|linner
linn|linney
linn|linnie
linn|linny
linn|liny
linsey|lin
linya|lin
linzel|lin
lin|linee
lin|linh
lin|lini
lin|linney
lin|linnie
lin|linny
lin|liny
lisa|isa
lisa|leis
lisa|lis
lisa|lys
lisa|lyz
lorenzo|renzo
lorenzo|zo
loretta|loret
loretta|lorett
loretta|lori
loretta|lorie
lori|laur
lorraine|lari
lorraine|larie
lorraine|lori
lorraine|lorie
lorraine|lorri
lorraine|lorrie
louise|lois
louise|lola
louise|lou
louise|lu
louis|lou
louis|lu
louis|lui
lowell|lowe
lowell|luvie
luann|lu
luann|lua
lucas|luke
lucias|luke
lucille|lucie
lucille|lucy
lucinda|lou
lucinda|lucy
luella|lou
luella|lu
luella|lula
luella|lulu
luke|lucky
lury|lurye
lydia|liddy
lydia|lidi
lyle|ly
lyndall|lyn
lyndall|lynd
lynda|lyn
lynda|lynd
lynda|lynde
lynda|lyndee
lynda|lyndi
lynda|lyndie
lynda|lyndy
lynda|lyndye
lynda|lyne
lynda|lynee
lynda|lynn
lynda|lynnde
lynda|lynne
lyndell|lyn
lyndell|lynde
lyndia|lindi
lyndia|lyndi
lyndon|lin
lyndon|lyn
lyndon|lynn
lynell|lyn
lynell|lynn
lynell|nel
lynell|nell
lynette|lyn
lynnda|lynn
lynne|lynnee
lynne|lynnie
lynn|lynnee
lynn|lynnie
lyn|lynee
lyn|lyney
lyn|lynie
ly|lye
mabel|mab
macartney|mccartney
macauley|maccauley
macauley|mccauley
machain|mcchain
maclaren|mcclaren
maclean|mcclean
maclellan|mcclellan
maclennan|mcclennan
macleod|mccleod
macomber|mccomber
madeline|lena
madeline|maddie
madeline|maddy
madeline|madge
madeline|madie
madeline|maggie
madeline|maida
madeline|maud
madelyn|maddy
madelyn|madie
madison|maddy
magdelina|lena
magdelina|madge
magdelina|maggie
malcolm|mal
mallory|malley
mallory|mallie
manuel|mango
manuel|mannie
manuel|manny
manuel|mano
marcus|mark
margareta|margee
margareta|margey
margareta|marggie
margareta|marggy
margareta|margi
margareta|margy
margaretta|gretta
margaretta|madge
margaretta|marge
margaretta|marggie
margaretta|marggy
margaretta|margy
margarette|margee
margarette|margey
margarette|marggie
margarette|marggy
margarette|margi
margarette|margy
margaret|ghita
margaret|greet
margaret|greetje
margaret|gret
margaret|greta
margaret|grete
margaret|gretja
margaret|griet
margaret|grietje
margaret|guidinha
margaret|ita
margaret|madge
margaret|mag
margaret|maggi
margaret|maggie
margaret|maggy
margaret|maghee
margaret|magi
margaret|magie
margaret|mago
margaret|magy
margaret|mame
margaret|mamey
margaret|mami
margaret|mamie
margaret|mammie
margaret|mamye
margaret|marg
margaret|marga
margaret|margarie
margaret|margay
margaret|marge
margaret|margee
margaret|margerie
margaret|margia
margaret|margie
margaret|margo
margaret|margos
margaret|margot
margaret|margoth
margaret|margrei
margaret|margui
margaret|margy
margaret|mariguita
margaret|marit
margaret|marje
margaret|marji
margaret|marjia
margaret|marjie
margaret|marjor
margaret|marjy
margaret|mart
margaret|marta
margaret|meddie
margaret|meg
margaret|meggie
margaret|merete
margaret|meta
margaret|metta
margaret|mette
margaret|mettie
margaret|metty
margaret|peg
margaret|pegg
margaret|pegge
margaret|peggi
margaret|peggie
margaret|peggy
margaret|peggye
margaret|pegi
margaret|polly
margaret|rita
margaret|tita
margarita|margee
margarita|margey
margarita|marggie
margarita|marggy
margarita|margi
margarita|margy
margarite|margee
margarite|margey
margarite|marggie
margarite|marggy
margarite|margi
margarite|margy
margery|marge
margherita|margee
margherita|margey
margherita|marggie
margherita|marggy
margherita|margi
margherita|margy
marguerita|margee
marguerita|margey
marguerita|marggie
marguerita|marggy
marguerita|margi
marguerita|margy
marguerite|margee
marguerite|margey
marguerite|marggie
marguerite|marggy
marguerite|margi
marguerite|margie
marguerite|margy
maria|chepa
maria|chulia
maria|mai
maria|malita
maria|mari
maria|marica
maria|marichu
maria|mariquilla
maria|ria
marilyn|lyn
marilyn|lynn
marilyn|lynne
marjorie|marge
marjorie|margie
marjorie|margy
marjorie|marjie
marjorie|marjor
marjorie|marjy
marjory|marge
marjory|margie
marjory|marjor
marjory|marjy
mark|marce
mark|marci
mark|markee
mark|markei
mark|markey
mark|marki
mark|markie
mark|marky
marlene|marla
marlene|marlee
marlene|marley
marshall|marsh
marsh|marsch
martha|marth
martha|martie
martha|marty
martina|marta
martina|marti
martina|tina
martin|mart
martin|marti
martin|martie
martin|marts
martin|marty
marvin|marv
mary|maireag
mary|marye
mason|mase
mason|sonny
mathew|hew
mathew|hugh
mathew|mads
mathew|mait
mathew|mat
mathew|mata
mathew|mate
mathew|math
mathew|mather
mathew|mathes
mathew|mati
mathew|mats
mathew|matt
mathew|matth
mathew|matthe
mathew|matti
mathew|mattia
mathew|mattie
mathew|matts
mathew|matty
mathew|matya
mathew|matz
mathew|motya
mathew|teo
mathilda|mattie
mathilda|matty
mathilda|tillie
mathilda|tillis
matilda|mattie
matilda|matty
matilda|tilla
matilda|tillie
matilda|tillis
matthew|hugh
matthew|mads
matthew|mat
matthew|mata
matthew|mate
matthew|math
matthew|mathe
matthew|mather
matthew|mathes
matthew|mathi
matthew|mati
matthew|mats
matthew|matt
matthew|matth
matthew|matthe
matthew|matti
matthew|mattie
matthew|matts
matthew|matty
matthew|matya
matthew|matz
matthew|motya
matthew|teo
maude|madie
maureen|maurie
maureen|maury
maurene|mo
maurice|maur
maurice|maury
maurice|moore
maurice|morey
maurice|morrie
maximilian|max
maximilian|maxey
maximilian|maxi
maximilian|maxie
maximilian|maxim
maximilian|maxon
maxine|max
maxine|maxa
maxine|maxeen
maxine|maxey
maxine|maxi
maxine|maxie
maxine|maxy
maxwell|max
maxwell|maxy
maynard|may
maynard|mayne
may|maye
mcadams|mccadams
mcalister|mccalister
mcallen|mccallen
mcallister|mccallister
mcall|mccall
mcane|mccane
mcarthy|mccarthy
mcauley|mccauley
mccaig|mckaig
mccain|mckain
mccallister|macallister
mccall|macall
mccane|mckane
mccan|mchan
mccartney|macartney
mccarty|mccarthy
mccaskill|macaskill
mccauley|macauley
mcclain|maclain
mcclellan|maclellan
mccoon|mckoon
mccowen|mckowen
mccown|mckown
mccoy|mckoy
mccrae|macrae
mccright|mcwright
mccrum|macrum
mccuen|mceuen
mccumber|macumber
mccune|mckune
mccusker|mckusker
mcewen|mckewen
mckague|mccague
mckamey|mccamey
mckay|mccay
mclafferty|mcclafferty
mclaine|mcclaine
mclain|mcclain
mclanahan|mcclanahan
mclane|mcclane
mclaren|mcclaren
mclarty|mcclarty
mclay|mcclay
mclean|mcclean
mcleary|mccleary
mclees|mcclees
mclee|mcclee
mclelland|mcclelland
mclellan|mcclellan
mclennan|mcclennan
mclennon|mcclennon
mcleod|mccleod
mcloud|mccloud
mcloy|mccloy
mclure|mcclure
mcomber|mccomber
mconnell|mcconnell
mcowen|mccowen
mcown|mccown
mcoy|mccoy
mcrae|mccrae
mcrary|mccrary
mcray|mccray
mcrea|mccrea
mcree|mccree
mcright|mccright
mcroy|mccroy
mcullon|mccullon
mcumber|mccumber
mcune|mccune
meager|meagher
megan|meg
megan|meghan
melanie|mel
melinda|linda
melinda|mel
melinda|mindy
melissa|lisa
melissa|lissa
melissa|mel
melissa|missa
melissa|missy
meredith|meredy
meredith|meridie
meredith|merry
merton|mertie
mervin|merv
michaelson|michael
michaelson|mike
michael|mick
michael|mickey
michael|mickie
michael|micky
michael|mico
michael|mike
michael|mikie
michael|myke
michale|mic
michale|mike
micheal|mic
micheal|mike
michelle|chelle
michelle|missi
michelle|missie
michelle|missy
michelle|shell
michelle|shelle
michelle|shelley
michelle|shelli
michelle|shelly
michelle|shellye
mickel|mic
mickel|mick
mickel|mike
mickey|mic
mickey|mick
mickey|mikk
mickie|mic
mickie|mick
mickie|mikk
micki|mic
micki|mick
micki|mikk
miguel|mico
mikael|mik
mikael|mike
mikail|mik
mikail|mike
mikal|mik
mikal|mike
mikeal|mik
mikeal|mike
mikell|mik
mikell|mike
mikel|mik
mikel|mike
mikhael|mik
mikhael|mike
mikhail|mik
mikhail|mike
mikki|mik
mikki|mikk
mildred|mil
mildred|mila
mildred|millie
mildred|milly
millicent|millie
millicent|milly
millicent|milzie
millicent|missie
minerva|merva
minerva|minnie
minerva|myna
miranda|mira
miranda|miran
miranda|randi
miriam|mimi
mitchell|mitch
mitchell|mytch
molly|moll
monica|mon
monica|mona
monica|monee
monica|monia
monica|monn
monica|monnie
montague|monte
montane|montanye
montgomery|monie
montgomery|monte
montgomery|monty
morris|morry
morris|moss
morton|mortie
moses|moe
moses|mose
moses|mossie
moy|moye
mykel|mike
mykel|myke
myron|my
myron|ron
nancie|nan
nancie|nana
nancie|nanae
nancie|nanc
nancie|nani
nancie|nanie
nancie|nann
nancie|nanna
nancie|nanne
nancie|nanni
nancie|nannie
nancie|nanny
nancie|nany
nanci|nainsi
nanci|nan
nanci|nana
nanci|nanae
nanci|nanc
nanci|naneki
nanci|nani
nanci|nanie
nanci|nann
nanci|nanna
nanci|nanne
nanci|nanni
nanci|nannie
nanci|nanny
nanci|nany
nancy|nan
nancy|nana
nancy|nanc
nancy|nani
nancy|nanie
nancy|nann
nancy|nanna
nancy|nanne
nancy|nanni
nancy|nannie
nancy|nanny
nancy|nany
nanette|nan
nanette|nani
nanette|nanie
nanette|nann
nanette|nany
nannette|nan
nannette|nann
nannette|nanna
nannette|nanne
nannette|nanni
nannette|nannie
nannette|nanny
nan|nana
nan|nani
nan|nanie
nan|nanna
nan|nannie
napoleon|leon
natalie|nat
natalie|nati
natalie|nattie
nathaniel|nat
nathaniel|nate
nathaniel|nathan
nathaniel|thaniel
nathan|nat
nathan|nate
nathan|natty
nathan|nettie
nathon|nat
nathon|nate
nelly|nell
nelson|nellie
nelson|nils
newton|newt
nguyn|nguyen
nicholas|cola
nicholas|kolya
nicholas|lasse
nicholas|nick
nicholas|nickie
nicholas|nicky
nicholas|niki
nicole|nica
nicole|nickie
nicole|nicky
nicole|nikki
nicole|nikkie
nicolson|nicholson
norbert|bert
norman|norm
norman|normie
norman|normy
norris|norie
norris|norrie
norvin|norvie
noy|noye
ny|nye
oakley|oak
oakley|oakes
oakley|oakie
oakley|oaks
obediah|obie
obert|obee
obert|obie
ogden|oddy
ogden|odie
olav|ole
olav|olen
oliver|olie
oliver|ollie
ophelia|filia
ophelia|ophie
orlando|lando
orlando|olo
orlando|orlan
orlando|orlie
orlando|orlo
orrin|orie
osborn|oz
osborn|ozzie
oscar|ocie
oscar|ossie
oscar|ozie
oswald|oz
oswald|ozzie
oswald|ozzy
oswald|waldo
otto|ottie
pamela|pam
pamela|pammi
pamela|pammie
pamela|pammy
parker|park
parnell|nell
patience|pat
patience|pati
patience|patt
patience|patti
patience|patty
patience|paty
patria|pat
patria|patri
patrice|pat
patrice|patri
patrice|patti
patrice|pattie
patrice|patty
patrice|paty
patriciana|pat
patriciana|pati
patriciana|tricia
patricia|paddy
patricia|pat
patricia|pate
patricia|patei
patricia|patery
patricia|pati
patricia|patie
patricia|patra
patricia|patsey
patricia|patsi
patricia|patsie
patricia|patsy
patricia|patsye
patricia|patt
patricia|patte
patricia|patti
patricia|pattie
patricia|patty
patricia|pattye
patricia|paty
patricia|patzi
patricia|patzy
patricia|peggie
patricia|peggy
patricia|thisha
patricia|tricia
patricia|trish
patricia|trisha
patrick|paddy
patrick|pat
patrick|patsy
patrick|ticho
patrina|pat
patrisa|pat
patrisa|pati
patrisa|tricia
patrisia|pat
patrisia|pati
patrisia|tricia
paula|pauli
paulette|paulie
paulina|polly
paul|palko
paul|panya
paul|pasha
paul|pauli
paul|paulie
paul|paully
paul|pauly
paul|pava
paul|pavo
paul|pawelek
paul|poli
paul|pusha
pay|paye
pearl|perry
peggy|peg
peggy|pegg
penelope|nellie
penelope|nelly
penelope|pen
penelope|pennie
penelope|penny
penelope|popi
percival|perc
percival|perce
percival|percy
peter|pete
philip|phil
philip|phill
philip|phily
phillip|phil
polly|poll
prescott|scott
prescott|scotty
priscilla|cilla
priscilla|piri
priscilla|pris
priscilla|prissy
prudence|prudy
py|pye
quinlan|quinn
quinton|quinn
quinton|quint
rachel|ray
rachel|rey
rachel|shelly
raeleen|raela
rafael|raffy
ralph|ralphie
rames|rhames
ramona|mona
randall|randy
randolph|dolph
randolph|randy
raphael|falito
rappley|rappleye
raymond|monchi
raymond|mondo
raymond|mundo
raymond|raime
raymond|ram
raymond|rame
raymond|ramee
raymond|ramey
raymond|rami
raymond|ramie
raymond|rammy
raymond|ramy
raymond|ray
raymond|raye
raymond|rayme
raymond|raymey
raymond|raymi
raymond|raymie
raymond|rey
raymond|reye
ray|raye
read|rhead
reaume|rheaume
reaves|rheaves
rea|rhea
reba|rheba
rebeca|rebbecca
rebeca|rebecca
rebecca|becca
rebecca|beccah
rebecca|becci
rebecca|becka
rebecca|beckee
rebecca|beckey
rebecca|becki
rebecca|beckie
rebecca|beckis
rebecca|becky
rebecca|bekah
rebecca|beki
rebecca|bekka
rebecca|bekki
rebecca|bequi
rebecca|bequita
rebecca|reb
rebecca|reba
rebecca|rebah
rebecca|rebba
rebecca|rebbie
rebecca|rebcca
rebecca|rebe
rebecca|rebec
rebecca|rebecc
rebecca|reeba
rebecca|riki
rebecca|ryba
rees|rhees
ree|reye
ree|rhee
reginald|reggie
reginald|reggy
regina|gina
regina|rane
regina|reggi
regina|reggie
regina|reggy
regina|regi
regina|regia
regina|regie
regina|regin
regina|regis
regina|reina
regina|rena
rein|rhein
ren|rhen
reome|rheome
reuben|rube
rew|rhew
reynold|rey
rey|reye
rhiannon|rhian
rhiannon|rhianna
rhiannon|rhianne
rhiannon|rian
rhiannon|riana
rhiannon|riane
rhiannon|riann
rhiannon|rianna
rhonda|rhonnie
rhyne|reyne
ricardo|ric
ricardo|ricci
ricardo|ricco
ricardo|riccy
ricardo|rici
ricardo|rick
ricardo|ricko
ricardo|rico
ricardo|riko
richardo|ric
richardo|rich
richardo|richey
richardo|richi
richardo|richie
richardo|richy
richardo|rico
richardson|richard
richard|dick
richard|dickee
richard|dickey
richard|dicki
richard|dickie
richard|dicky
richard|dickye
richard|ric
richard|ricci
richard|ricco
richard|rich
richard|richee
richard|richey
richard|richi
richard|richie
richard|richo
richard|richy
richard|rici
richard|rick
richard|ricke
richard|rickee
richard|rickey
richard|ricki
richard|rickie
richard|ricko
richard|ricky
richard|rico
richard|rik
richard|riki
richard|rikki
richard|riko
richard|ritch
richard|ritche
richard|ritchey
richard|ritchie
richard|ritchy
ricki|ricci
rick|ric
rick|rickey
rick|ricki
rick|rickie
rick|ricky
rico|ric
ried|rhed
rim|rhim
rinehardt|rhinehardt
rinehart|rhinehart
rines|rhines
rine|rhine
ritchie|rich
ritchie|ritch
roades|rhoades
roads|rhoads
roan|rhoan
roberta|birdie
roberta|birtie
roberta|bobbie
roberta|bobie
roberta|robbi
roberta|robbie
roberta|robby
roberto|bert
roberto|rob
robert|bill
robert|billy
robert|bob
robert|bobbie
robert|bobby
robert|boby
robert|rbt
robert|rob
robert|robbie
robert|robby
robert|robie
robert|robin
robert|robr
robert|robt
robert|robyn
robin|robbi
robin|robby
rochelle|roch
roda|rhoda
roden|rhoden
roderick|rhoderick
roderick|rod
roderick|roddy
roderick|rory
roderick|ruy
rodes|rhodes
rode|rhode
rodney|rod
rodney|roddy
roe|rhoe
roger|rog
rolanda|ralna
roland|rollie
roland|rollo
roland|rolly
romey|romie
romey|rommie
romey|rommy
romey|romy
rome|rhome
ronald|ron
ronald|ronay
ronald|roncie
ronald|ronde
ronald|rondie
ronald|rondo
ronald|rondy
ronald|rone
ronald|ronee
ronald|roney
ronald|roni
ronald|ronie
ronald|ronii
ronald|ronn
ronald|ronnae
ronald|ronne
ronald|ronnee
ronald|ronney
ronald|ronni
ronald|ronnie
ronald|ronny
ronald|ronnye
ronald|rony
ronald|ronyay
rona|rhona
ronda|rhonda
rondel|rondey
rondel|rondie
rone|rhone
rosabella|bella
rosabella|rose
rosabella|roz
rosabel|belle
rosabel|rose
rosabel|roz
rosalyn|ros
rosalyn|rose
rosalyn|roz
rosanna|ranna
rosanna|rosie
roseanna|rose
roseann|ann
roseann|rose
rose|rosalie
rose|rosemarie
rose|rosemary
rose|rosie
rose|rossie
rose|rosy
roten|rhoten
roton|rhoton
roule|rhule
roxanna|rose
roxanne|rose
roxanne|roxey
roxanne|roxie
roxanne|roxy
royce|roy
roy|roye
ro|rho
ruby|rubie
ruby|rubye
rude|rhude
rudolf|dolf
rudolf|rudy
rudolph|dolf
rudolph|dolph
rudolph|rolf
rudolph|rolph
rudolph|ruddy
rudolph|rudie
rudolph|rudy
rudy|rhudy
rue|rhue
ruhle|rhule
rule|rhule
rump|rhump
russell|rush
russell|russ
russell|rusty
ruston|rusty
ruth|ruthi
ruth|ruthie
ruth|ruthy
ruth|ruti
ryan|rhyan
rymer|rhymer
rymes|rhymes
ryner|rhyner
rynes|rhynes
sally|sadie
sally|sal
salome|sallie
salome|sally
samantha|sam
samantha|sami
samantha|sammie
samantha|sammy
samuel|sam
samuel|samie
samuel|sammie
samuel|sammy
sandra|san
sandra|sand
sandra|sanda
sandra|sande
sandra|sandee
sandra|sandi
sandra|sandie
sandra|sando
sandra|sandr
sandra|sandrie
sandra|sandry
sandra|sandt
sandra|sandy
sandra|sandye
sandra|sann
sandra|sanndy
sandra|saundi
sandra|shandi
sandra|shandia
sandra|shandice
sandra|shandie
sandra|shandy
sarah|chara
sarah|sadie
sarah|sadye
sarah|sally
sarah|saretta
sarah|sarette
sarah|sarie
sarah|sarika
sarah|sasa
sarah|sassa
sara|chara
sara|sadie
sara|sadye
sara|sally
sara|saretta
sara|sarette
sara|sarie
sara|sarika
sara|sasa
sara|sassa
sara|sela
saul|solly
say|saye
schellman|shellman
scott|scotte
scott|scotti
scott|scottie
scott|scotto
scott|scotty
scott|skotti
sebastian|bastian
sebastian|sebo
sebastian|sepasetiano
seely|seelye
selena|selie
shannon|shannie
sharon|sharey
sharon|shari
sharon|sharie
sharon|sharrey
sharon|sharri
sharon|sharrie
sharon|sharry
sharon|shary
sharon|sheri
sharon|sherri
sharon|sherrie
sharon|sherry
sharon|shyri
shawna|shawn
shawna|shawne
shelby|shel
sheldon|shel
sheldon|shell
shelley|shell
shelley|shelle
shelly|shell
shelly|shelle
shelton|shelly
shelton|tony
sherman|sherm
sherman|shermie
sherman|shermy
sherwin|win
shirley|sher
shirley|sherl
shirley|sherry
shirley|shirl
shirley|shurl
shoemaker|schoemaker
shoenberger|schoenberger
shona|shone
shonberg|schonberg
showalter|schowalter
shrader|schrader
shroeder|schroeder
shulman|schulman
shulte|schulte
shultz|schultz
shumacker|schumacker
shumaker|schumaker
shutt|schutt
sigmund|sig
sigmund|siggy
sigmund|sy
sigmund|ziggy
simone|simmi
simone|simmie
simon|si
simon|sim
simon|simm
simon|simmie
simon|simmy
sly|slye
smith|smitty
solomon|sal
solomon|sol
solomon|sollie
sophia|sophie
sophia|sophy
spencer|spence
srader|shrader
stanley|stan
stefan|steavie
stefan|steef
stefan|steffel
stefan|steive
stefan|steny
stefan|stepa
stefan|stepek
stefan|steph
stefan|stephe
stefan|stepik
stefan|stepka
stefan|stepousek
stefan|stev
stefan|steve
stefan|stever
stefan|steves
stefan|stevey
stefan|stevie
stefan|stevo
stephanie|steffey
stephanie|steffi
stephanie|stephie
stephanie|stevie
stephan|steavie
stephan|steef
stephan|steffel
stephan|steive
stephan|stenya
stephan|stepa
stephan|stepek
stephan|steph
stephan|stephe
stephan|stepik
stephan|stepka
stephan|stepousek
stephan|stev
stephan|steve
stephan|stever
stephan|steves
stephan|stevey
stephan|stevie
stephan|stevo
stephen|steavie
stephen|steef
stephen|steffel
stephen|steive
stephen|stenya
stephen|stepa
stephen|stepek
stephen|steph
stephen|stephe
stephen|stepik
stephen|stepka
stephen|stepousek
stephen|stev
stephen|steve
stephen|stever
stephen|steves
stephen|stevey
stephen|stevie
stephen|stevo
steven|steef
steven|steive
steven|stenya
steven|stepa
steven|stepek
steven|steph
steven|stephe
steven|stephen
steven|stepik
steven|stepka
steven|stepousek
steven|stev
steven|steve
steven|stever
steven|steves
steven|stevey
steven|stevie
steven|stevo
stewart|stew
stewart|stu
sullivan|sully
sullivan|van
susana|anna
susana|sanna
susana|shoshi
susana|shoshy
susana|sue
susana|sus
susana|susa
susana|suse
susana|susi
susana|susie
susana|sussi
susana|sussie
susana|sussy
susana|susy
susannah|anna
susannah|sanna
susannah|shoshi
susannah|shoshy
susannah|sue
susannah|sus
susannah|susa
susannah|suse
susannah|susi
susannah|susie
susannah|sussi
susannah|sussie
susannah|sussy
susannah|susy
susanna|anna
susanna|sanna
susanna|shoshi
susanna|shoshy
susanna|sue
susanna|sus
susanna|susa
susanna|suse
susanna|susi
susanna|susie
susanna|sussi
susanna|sussie
susanna|sussy
susanna|susy
susan|sue
susan|sus
susan|susa
susan|suse
susan|susette
susan|susi
susan|susie
susan|suskie
susan|sussi
susan|sussie
susan|sussy
susan|susy
susan|suz
susan|suzanne
susan|suze
susan|suzee
susan|suzette
susan|suzi
susan|suzie
susan|suzy
susan|suzzee
suzanna|anna
suzanna|sanna
suzanna|sue
suzanna|suz
suzanna|suze
suzanna|suzee
suzanna|suzi
suzanna|suzie
suzanna|suzy
suzanna|suzzee
suzette|sue
suzette|sussi
suzette|sussie
suzette|sussy
suzette|suz
suzette|suze
suzette|suzee
suzette|suzi
suzette|suzie
suzette|suzy
suzette|suzzee
sybil|sib
sybil|sibbie
sybil|sibby
sydney|sy
sydney|syd
sylvester|sly
sylvester|syl
sylvia|syl
tabitha|tabby
tamara|tamma
tania|tanya
tanner|ran
tanner|tannie
tanner|tanny
tanya|tany
tatiana|tata
tatiana|tati
tatiana|tatia
tatiana|tatie
taut|thaut
teall|theall
teel|theel
teim|theim
teo|theo
terence|terry
teresa|teri
teresa|teris
teresa|terri
teresa|terry
teresa|tess
teresa|tessa
teresa|tessie
teresa|tete
teresa|theresa
teresia|theresia
teressa|theressa
terrence|terri
terres|therres
thaddeus|tad
thaddeus|thad
theodora|teddy
theodora|thea
theodora|theo
theodora|tillie
theodora|tilly
theodore|ted
theodore|teddie
theodore|teddy
theodore|theo
theresa|teri
theresa|terisa
theresa|terri
theresa|terrie
theresa|terry
theresa|tery
theresa|tess
theresa|tessa
theresa|tessie
theresa|therese
theresia|theresia
thomason|thomas
thomas|koma
thomas|komaki
thomas|thom
thomas|thomi
thomas|thommie
thomas|thommy
thomas|thos
thomas|tom
thomas|tome
thomas|tomi
thomas|tomie
thomas|tomm
thomas|tomme
thomas|tommey
thomas|tommi
thomas|tommie
thomas|tommy
thomas|tommye
thomas|tomy
thom|tom
thom|tommy
tielman|thielman
tiel|thiel
tiesen|theisen
tiessen|thiessen
tiffany|tiff
tiffany|tiffy
timothy|teyo
timothy|tim
timothy|timi
timothy|timm
timothy|timmey
timothy|timmi
timothy|timmie
timothy|timmy
timothy|timo
timothy|timot
timothy|timoth
timothy|timy
timothy|tomek
timothy|tymek
timothy|tymon
tisha|tish
tobias|tobie
tobias|toby
toinette|toni
tomasina|tommie
tomas|tom
tomas|tomasito
tomas|tomi
tomas|tommi
tomas|tommie
tomas|tommy
toma|thoma
tome|thome
tomie|tom
tomisin|thomison
tomi|tom
tomlison|thomlison
tommaso|tom
tommie|tom
tommi|tom
tommy|tom
tommy|tommye
tomothy|tom
tompkins|thompkins
tompson|thompson
tomsen|thomsen
tomson|thomson
toms|thoms
tomye|tom
tonia|tonya
torrence|toren
torrence|torin
torrence|torn
torrence|torr
torrence|torry
torrence|tory
toy|toye
tracy|trace
trenton|trent
trevor|trev
trisha|trish
trish|trisch
tristan|tris
tristen|trista
trixie|tris
trixie|trix
tully|tull
tuotte|thuotte
tyler|ty
tyne|thyne
tyrone|ty
tyson|ty
tyson|tyce
ty|tye
uriel|urie
valentine|val
valerie|lera
valerie|val
valerie|vale
valerie|valli
valerie|vallie
valeri|val
vance|vancie
vanessa|van
vanessa|vanna
vanessa|vanni
vanessa|vannie
vanessa|vanny
vasilis|vas
vernon|vern
vernon|verne
vernon|vernie
veronica|ron
veronica|ronnie
veronica|ronny
veronica|vera
veronica|veron
veronica|verone
veronica|vonni
veronica|vonnie
veronica|vonny
veronica|vron
victoria|tori
victoria|toria
victoria|torie
victoria|torri
victoria|torrie
victoria|tory
victoria|vickey
victoria|vicki
victoria|vickie
victoria|vicky
victor|vic
victor|vick
vincent|binky
vincent|vic
vincent|vin
vincent|vince
vincent|vinnie
vincenzon|vic
vincenzo|vin
vincenzo|vinnie
vinson|vince
viola|vi
violet|vi
virgil|vergie
virgil|virgie
virginia|gina
virginia|ginia
virginia|ginnie
virginia|ginny
virginia|jinny
virginia|virgie
vivian|viv
vivian|vivee
vivian|vivi
vladimir|dima
vladimir|vlad
wade|wadie
waganer|wagganer
wagener|waggener
wagoner|waggoner
waldo|wald
waldo|waldy
walker|wallie
walker|wally
wallace|walley
wallace|wallie
wallace|wally
walter|wallie
walter|wally
walter|walt
walter|wat
warner|warnie
warren|ware
warton|wharton
washer|wascher
waylon|way
way|waye
wendell|wendy
wesley|wes
wesley|wess
wilbur|will
wilbur|willie
wilfred|will
wilfred|willie
wilfred|willy
wilhelmina|minne
wilhelmina|minnie
wilhelmina|wilma
wilhelmina|winnie
willard|willie
william|bell
william|belly
william|bil
william|bilaal
william|bilah
william|bilal
william|bilam
william|bilbo
william|bilel
william|bili
william|bilie
william|bilin
william|bill
william|billaal
william|billal
william|bille
william|billee
william|billette
william|billey
william|billi
william|billie
william|billy
william|billye
william|bily
william|bilye
william|wil
william|wiley
william|wili
william|wilie
william|will
william|wille
william|willee
william|willi
william|willie
william|willlie
william|wills
william|willy
william|willye
william|wils
william|wm
willie|wil
willie|will
willie|wills
willie|wils
willi|wil
willi|will
willi|wills
willi|wils
willy|wil
willy|will
willy|wills
willy|wils
will|wil
will|wills
will|wils
wilmer|wilm
wilson|will
wilson|willie
winifred|win
winifred|winnie
winnifred|fred
winnifred|freddie
winnifred|freddy
winnifred|winnie
winnifred|winny
winona|winnie
winston|win
woodrow|wood
woodrow|woodie
woodrow|woody
wry|wrye
wyatt|wye
xander|xand
xander|xande
yancy|yan
yancy|yance
yardley|lee
yolanda|yola
zachariah|zach
zachary|zach
zachary|zack
